/*
  Recuerda que deshabilitar la opción "Enable foreign key checks" para evitar problemas a la hora de importar el script.
*/
TRUNCATE TABLE `peliculas`;
TRUNCATE TABLE `usuarios`;



/*
  user: userpass aa
  admin: adminpass
*/
INSERT INTO `usuarios` (`username`, `password`, `user_id`, `rol`, `email`, `foto`) VALUES
('user', '$2a$12$WF1/Gum.Y7voVfeQXFzJgOS.b.8T9MoFLUlv8/pPnVltM2PV8PtHS', 1, 'premium', 'user@gmail.com', './img/fotosPerfil/2.png'),
('admin', '$2a$12$Gk7ChJIjOlbckeYWvQgWEeaR7dLOirztJPWszesu2Trxb3cgdwJrm', 2, 'admin', 'admin@gmail.com', './img/fotosPerfil/admin.png'),
('critico', '$2a$12$xZ8cPwpRwobjsLwknsMAp.X8IFFGVUZs2BmcrtbXPP.5V.L.RNHxe', 3, 'critico', 'critico@gmail.com', './img/fotosPerfil/1.png'),
('free', '$2a$12$jdFGSCXyzLyl/3dAHho5bu7L2tWPqEIQ08oPLkBO5XaxOme.QNMd.', 4, 'free', 'user2@gmail.com', './img/fotosPerfil/1.png'),
('premium', '$2a$12$UdlTk8bnmPvPItUbKrOHT.sAj0s0LMdIVauHVWcxLQg2yxr64GeR2
', 5, 'premium', 'premium@gmail.com', './img/fotosPerfil/1.png'),
('quentin_tarantino', '$2a$12$n1gsoBoizdiuHSlKjPtlW.yIKVq03QxHBuDYH.mxJhGo2noZOd4OO', 7, 'director', 'quentin@gmail.com', './img/fotosPerfil/quentin.png'),
('bradpitt', '$2a$12$4TRoJW15GplwXxngzVWYI.Runn1oa3vHlqUi6kCQlMbBC9iz/weq.', 8, 'actor', 'bradpitt@gmail.com', './img/fotosPerfil/brad.png');

--
-- Volcado de datos para la tabla `generos`
--

INSERT INTO `generos` (`id`, `genero`) VALUES
(1, 'Drama'),
(2, 'Comedia'),
(3, 'Acción'),
(4, 'Musical'),
(5, 'Misterio'),
(6, 'Ciencia Ficción'),
(7, 'Terror'),
(8, 'Historia'),
(9, 'Crimen');

--
-- Volcado de datos para la tabla `peliculas`
--

INSERT INTO `peliculas` (`titulo`, `director`, `id`, `annio`, `genero`, `sinopsis`, `portada`, `reparto`, `Val_IMDb`) VALUES
('La La Land', 'Damien Chazelle', 1, '2016', 4, 'Mia (Emma Stone), una joven aspirante a actriz que trabaja como camarera mientras acude a castings, y Sebastian (Ryan Gosling), un pianista de jazz que se gana la vida tocando en sórdidos tugurios, se enamoran, pero su gran ambición por llegar a la cima en sus carreras artísticas amenaza con separarlos.', './img/portadas/la_la_land.jpg', '[\r\n    {\"nombre\": \"Ryan Gosling\", \"personaje\": \"Sebastian\"},\r\n    {\"nombre\": \"Emma Stone\", \"personaje\": \"Mia\"},\r\n    {\"nombre\": \"John Legend\", \"personaje\": \"Keith\"}\r\n]', 8.0),
('La Playa de los Ahogados', 'Gerardo Herrero', 2, '2015', 1, 'Una mañana, el cadáver de un marinero es arrastrado por la marea hasta la costa. Si no tuviese las manos atadas a la espalda, Justo Castelo sería otro de los hijos del mar que encontró la muerte entre las aguas mientras faenaba. Sin testigos ni pistas de la embarcación del fallecido, el lacónico inspector Leo Caldas se sumergirá en el ambiente marinero de la villa, tratando de solucionar el crimen.', './img/portadas/la_playa_de_los_ahogados.jpg', '[\r\n    {\"nombre\": \"Carmelo Gómez\", \"personaje\": \"Leo Caldas\"},\r\n    {\"nombre\": \"Antonio Garrido\", \"personaje\": \"Rafael Estévez\"},\r\n    {\"nombre\": \"Tamar Novas\", \"personaje\": \"Diego Neira\"},\r\n    {\"nombre\": \"Celso Bugallo\", \"personaje\": \"padre de Caldas\"},\r\n    {\"nombre\": \"Celia Freijeiro\", \"personaje\": \"Ana\"},\r\n    {\"nombre\": \"Marta Larralde\", \"personaje\": \"Alicia Castelo\"},\r\n    {\"nombre\": \"Luis Zahera\", \"personaje\": \"José Arias\"}\r\n]', 6.1),
('La ciudad no es para mí', 'Pedro Lazaga', 3, '1966', 2, 'Agustín Valverde, viudo y hacendado sesentón aragonés, marcha a Madrid, donde se instala en casa de su hijo, un prestigioso médico casado con una modesta costurera. A la mujer todo el mundo la llama Luchy, desde que consiguiera su brillante posición social casándose con el Dr. Valverde. Pero al llegar a Madrid Agustín descubre que en la capital hay muchos más problemas que en su pueblo. Luchy se siente atraída por el ayudante del doctor. Sara, la nieta de Agustín, vive una vida frívola y desordenada con una pandilla de amigos estúpidos. Y hasta Filo, la empleada del hogar, tiene su correspondiente complicación.', './img/portadas/la_ciudad_no_es_para_mi.jpg', '[\r\n    {\"nombre\": \"Paco Martínez Soria\", \"personaje\": \"Agustín Valverde\"},\r\n    {\"nombre\": \"Doris Coll\", \"personaje\": \"Luciana (Luchy)\"},\r\n    {\"nombre\": \"Gracita Morales\",\"personaje\": \"Filo\"},\r\n    {\"nombre\": \"Alfredo Landa\", \"personaje\": \"Genaro\"}\r\n]', 6.0),
('Unico Testigo', 'Peter Weir', 4, '1985', 1, 'En su primer viaje a Philadelphia, el pequeño Samuel Lap (Lukas Haas), un niño de una comunidad amish, presencia por casualidad el brutal asesinato de un hombre. John Book (Harrison Ford) es el policía encargado de proteger al chico y a su madre Rachel de quienes quieren eliminar a Samuel, único testigo del homicidio.', './img/portadas/witness.jpg', '[\r\n    {\"nombre\": \"Harrison Ford\", \"personaje\": \"John Book\"}, \r\n    {\"nombre\": \"Kelly McGillis\", \"personaje\": \"Rachel Lapp\"}, \r\n    {\"nombre\": \"Lukas Haas\", \"personaje\": \"Samuel Lapp\"}\r\n]', 7.4),
('The Fast and the Furious', 'Rob Cohen', 5, '2001', 3, 'Una misteriosa banda de delincuentes se dedica a robar camiones en marcha desde vehículos deportivos. La policía decide infiltrar un hombre en el mundo de las carreras ilegales para descubrir posibles sospechosos. El joven y apuesto Brian entra en el mundo del tunning donde conoce a Dominic, rey indiscutible de este mundo y sospechoso número uno, pero todo se complicará cuando se enamore de su hermana.', './img/portadas/the_fast_and_the_furious.jpg', '[\r\n    {\"nombre\": \"Vin Diesel\", \"personaje\": \"Dominic Toretto\"}, \r\n    {\"nombre\": \"Paul Walker\", \"personaje\": \"Brian O Conner\"}, \r\n    {\"nombre\": \"Michelle Rodriguez\", \"personaje\": \"Letty Ortiz\"},\r\n    {\"nombre\": \"Jordana Brewster\", \"personaje\": \"Mia Toretto\"}\r\n]', 6.8),
('Ocho Apellidos Vascos', 'Emilio Martínez-Lázaro', 6, '2014', 2, 'Rafa (Dani Rovira) es un joven señorito andaluz que no ha tenido que salir jamás de su Sevilla natal para conseguir lo único que le importa en la vida: el fino, la gomina, el Betis y las mujeres. Todo cambia cuando conoce una mujer que se resiste a sus encantos: es Amaia (Clara Lago), una chica vasca. Decidido a conquistarla, se traslada a un pueblo de las Vascongadas, donde se hace pasar por vasco para vencer su resistencia. Adopta el nombre de Antxon y varios apellidos vascos: Arguiñano, Igartiburu, Erentxun, Gabilondo, Urdangarín, Otegi, Zubizarreta... y Clemente.', './img/portadas/ocho_apellidos_vascos.jpg', '[\r\n    {\"nombre\": \"Dani Rovira\", \"personaje\": \"Rafa\"},\r\n    {\"nombre\": \"Clara Lago\", \"personaje\": \"Amaia\"},\r\n    {\"nombre\": \"Carmen Machi\", \"personaje\": \"Merche\"},\r\n    {\"nombre\": \"Karra Elejalde\", \"personaje\": \"Koldo\"},\r\n    {\"nombre\": \"Alberto López\", \"personaje\": \"Joquin\"},\r\n    {\"nombre\": \"Alfonso Sánchez\", \"personaje\": \"Curro\"}\r\n]', 6.5),
('Estoy hecho un Chaval', 'Pedro Lazaga', 7, '1976', 2, 'Juan Esteban, un contable de sesenta y cinco años, recibe con alegría la noticia de que va a ser padre de nuevo. Pero, cuando se dispone a pedir un aumento de sueldo en la oficina donde trabaja desde hace cuarenta años, le comunican que van a jubilarlo. Pero él, que se siente todavía joven, no se resigna y, lleno de optimismo, decide buscar otro trabajo.', './img/portadas/estoy_hecho_un_chaval.jpg', '[\r\n    {\"nombre\": \"Paco Martínez Soria\", \"personaje\": \"Juan Esteban\"},\r\n    {\"nombre\": \"Rafaela Aparicio\", \"personaje\": \"Abuela\"},\r\n    {\"nombre\": \"Antonio Ozores\", \"personaje\": \"Sr. Villancio\"}\r\n]', 5.0),
('Forrest Gump', 'Robert Zemeckis', 8, '1994', 1, 'Forrest Gump (Tom Hanks) sufre desde pequeño un cierto retraso mental. A pesar de todo, gracias a su tenacidad y a su buen corazón será protagonista de acontecimientos cruciales de su país durante varias décadas. Mientras pasan por su vida multitud de cosas en su mente siempre está presente la bella Jenny (Robin Wright), su gran amor desde la infancia, que junto a su madre será la persona más importante en su vida.', './img/portadas/forrest_gump.jpg', '[\r\n    {\"nombre\": \"Tom Hanks\", \"personaje\": \"Forrest Gump\"},\r\n    {\"nombre\": \"Robin Wright\", \"personaje\": \"Jenny Curran\"},\r\n    {\"nombre\": \"Gary Sinise\", \"personaje\": \"Teniente Dan Taylor\"},\r\n    {\"nombre\": \"Sally Field\", \"personaje\": \"Sra. Gump\"},\r\n    {\"nombre\": \"Haley Joel Osment\", \"personaje\": \"Forrest Gump Jr.\"},\r\n    {\"nombre\": \"Mykelti Williamson\", \"personaje\": \"Bubba Blue\"}\r\n]', 8.8),
('La Roca', 'Michael Bay', 9, '1996', 3, 'Francis Hummel pretende que se indemnice a las familias de los soldados muertos en misiones secretas. Tras robar 16 misiles equipados con gas venenoso, toma Alcatraz y amenaza con lanzarlos sobre San Francisco. Para resolver la situación, el F.B.I. envía a la isla a un especialista en armamento biológico y al único fugado de la famosa prisión.', './img/portadas/the_rock.jpg', '[\r\n    {\"nombre\": \"Sean Connery\", \"personaje\": \"John Patrick Mason\"},\r\n    {\"nombre\": \"Nicolas Cage\", \"personaje\": \"Stanley Goodspeed\"},\r\n    {\"nombre\": \"Ed Harris\", \"personaje\": \"General Francis X. Hummel\"},\r\n    {\"nombre\": \"Michael Biehn\", \"personaje\": \"Comandante Anderson\"},\r\n    {\"nombre\": \"William Forsythe\", \"personaje\": \"Sargento Frye\"},\r\n    {\"nombre\": \"David Morse\", \"personaje\": \"Mayor Tom Baxter\"}\r\n]', 7.4),
('La Ventana Indiscreta', 'Alfred Hitchcock', 10, '1954', 5, 'Un reportero fotográfico (Stewart) se ve obligado a permanecer en reposo con una pierna escayolada. A pesar de la compañía de su novia (Kelly) y de su enfermera (Ritter), procura escapar al tedio observando desde la ventana de su apartamento con unos prismáticos lo que ocurre en las viviendas de enfrente. Debido a una serie de extrañas circunstancias empieza a sospechar de un vecino cuya mujer ha desaparecido.', './img/portadas/rear_window.jpg', '[\r\n    {\"nombre\": \"James Stewart\", \"personaje\": \"L.B. Jefferies\"},\r\n    {\"nombre\": \"Grace Kelly\", \"personaje\": \"Lisa Carol Fremont\"},\r\n    {\"nombre\": \"Wendell Corey\", \"personaje\": \"Detective Thomas J. Doyle\"},\r\n    {\"nombre\": \"Thelma Ritter\", \"personaje\": \"Stella\"},\r\n    {\"nombre\": \"Raymond Burr\", \"personaje\": \"Lars Thorwald\"},\r\n    {\"nombre\": \"Judith Evelyn\", \"personaje\": \"Srta. Lonelyhearts\"}\r\n]', 8.5),
('Pobres Criaturas', 'Yorgos Lanthimos', 11, '2023', 1, 'Del cineasta Yorgos Lanthimos y la productora Emma Stone llega la increíble historia y la fantástica evolución de Bella Baxter (Stone), una joven a la que el brillante y poco ortodoxo científico Dr. Godwin Baxter (Willem Dafoe) devuelve la vida. Bajo la protección de Baxter, Bella está ansiosa por aprender. Hambrienta de la mundanalidad que le falta, Bella se escapa con Duncan Wedderburn (Mark Ruffalo), un abogado astuto y libertino, en una aventura vertiginosa a través de los continentes. Libre de los prejuicios de su época, Bella se mantiene firme en su propósito de defender la igualdad y la liberación.', './img/portadas/Pobres_criaturas.jpg', '[\r\n  {\"nombre\": \"Emma Stone\", \"personaje\": \"Bella Baxter\"},\r\n   {\"nombre\": \"Willem Dafoe\", \"personaje\": \"Godwin Baxter\"},\r\n   {\"nombre\": \"Mark Ruffalo\", \"personaje\": \"Duncan Wedderburn\"},\r\n  {\"nombre\": \"Ramy Youssef\", \"personaje\": \"Max McCandles\"} \r\n ]', 7.9),
('Oppenheimer', 'Cristopher Nolan', 12, '2023', 8, 'Durante la Segunda Guerra Mundial, el teniente general Leslie Groves designa al físico J. Robert Oppenheimer para un grupo de trabajo que está desarrollando el Proyecto Manhattan, cuyo objetivo consiste en fabricar la primera bomba atómica.', './img/portadas/Oppenheimer.jpg', '[\r\n    {\"nombre\": \"Cillian Murphy\", \"personaje\": \"J. Robert Oppenheimer\"},\r\n    {\"nombre\": \"Matt Damon\", \"personaje\": \"Leslie Groves\"},\r\n    {\"nombre\": \"Robert Downey Jr.\", \"personaje\": \"Lewis Strauss\"},\r\n   {\"nombre\": \"Emily Blunt\", \"personaje\": \"Kitty Oppenheimer\"} \r\n ]', 8.3),
('Godzilla y Kong: El nuevo imperio', 'Adam Wingard', 13, '2024', 6, 'La nueva entrega del Monsterverse enfrenta al poderoso Kong y al temible Godzilla contra una colosal amenaza mortal escondida dentro de nuestro mundo que amenaza la existencia de su especie y la nuestra, además de sumergirse profundamente en los misterios de Isla Calavera y más allá. Profundizando directamente en los orígenes de la Tierra Hueca, esta película explorará la antigua batalla contra los titanes que unió al hombre y al monstruo para siempre.', './img/portadas/Godzilla_y_Kong.jpg', '[\r\n    {\"nombre\": \"Rebecca Hall\", \"personaje\": \"Ilene Andrews\"},\r\n   {\"nombre\": \"Dan Stevens\", \"personaje\": \" Trapper\"},\r\n      {\"nombre\": \"Brian Tyree Henry\", \"personaje\": \" Bernie Hayes\"},\r\n     {\"nombre\": \"Kaylee Hottle\", \"personaje\": \" Jia\"},\r\n     {\"nombre\": \"Alex Ferns\", \"personaje\": \" Mikael\"},\r\n     {\"nombre\": \"Fala Chen\", \"personaje\": \" Iwi Queen\"} \r\n ]', 6.6),
('Midsommar', 'Ari Aster', 14, '2019', 7, 'Una pareja de estadounidenses acude con unos amigos a Midsommar, un festival de verano que se celebra cada 90 años en una aldea remota de Suecia. Sin embargo, lo que parecía ser unas vacaciones de ensueño se tuerce un poco cuando los aldeanos les invitan a participar en sus perturbadoras actividades festivas.', './img/portadas/Midsommar.jpg', '[\r\n    {\"nombre\": \"Florence Pugh\", \"personaje\": \"Dani \"},\r\n    {\"nombre\": \"Jack Reynor \", \"personaje\": \"Christian\"},\r\n    {\"nombre\": \"Vilhelm Blomgren\", \"personaje\": \"Pelle\"},\r\n   {\"nombre\": \"William Jackson Harper\", \"personaje\": \" Josh\"}, \r\n {\"nombre\": \"Ellora Torchina  \", \"personaje\": \" Connie\"}, \r\n   {\"nombre\": \"Archie Madekwe\", \"personaje\": \" Josh\"} \r\n ]', 7.1),
('El Padrino', 'Francis Ford Coppola', 15, '1972', 9, 'Don Vito Corleone es el respetado y temido jefe de una de las cinco familias de la mafia de Nueva York en los años 40. El hombre tiene cuatro hijos: Connie, Sonny, Fredo y Michael, que no quiere saber nada de los negocios sucios de su padre. Cuando otro capo, Sollozzo, intenta asesinar a Corleone, empieza una cruenta lucha entre los distintos clanes.', './img/portadas/padrino.jpg', '[\r\n    {\"nombre\": \"Marlon Brando\", \"personaje\": \"Don Vito Corleone \"},\r\n   {\"nombre\": \"Al Pacino\", \"personaje\": \"Michael Corleone \"},\r\n      {\"nombre\": \"James Caan\", \"personaje\": \"Sonny Corleone \"},\r\n     {\"nombre\": \"Diane Keaton\", \"personaje\": \"Kay Adams \"},\r\n    {\"nombre\": \"Richard S. Castellano\", \"personaje\": \"Clemenza \"},\r\n    {\"nombre\": \"Robert Duvall\", \"personaje\": \"Tom Hagen \"},\r\n    {\"nombre\": \"Al Lettieri\", \"personaje\": \"Sollozo \"},\r\n    {\"nombre\": \"Talia Shire\", \"personaje\": \"Connie Corleone Rizzi \"} \r\n]', 9.2),
('El Caballero Oscuro', 'Crhistopher Nolan', 16, '2008', 3, 'Con la ayuda del teniente Jim Gordon y del Fiscal del Distrito Harvey Dent, Batman mantiene a raya el crimen organizado en Gotham. Todo cambia cuando aparece el Joker, un nuevo criminal que desencadena el caos y tiene aterrados a los ciudadanos.', './img/portadas/batman.jpg', '[\r\n    {\"nombre\": \"Christian Bale\", \"personaje\": \"Bruce Wayne\"},\r\n   {\"nombre\": \"Heath Ledger\", \"personaje\": \"Joker\"},\r\n      {\"nombre\": \"Aaron Eckhart\", \"personaje\": \"Harvey Dent\"},\r\n     {\"nombre\": \"Michael Caine\", \"personaje\": \"Alfred\"},\r\n    {\"nombre\": \"Maggie Gyllenhaal\", \"personaje\": \"Rachel \"},\r\n    {\"nombre\": \"Gary Oldman\", \"personaje\": \"Gordon\"},\r\n    {\"nombre\": \"Morgan Freeman\", \"personaje\": \"Lucius Fox \"},\r\n    {\"nombre\": \"Cillian Murphy\", \"personaje\": \"Scarecrow\"} \r\n]', 9.0),
('Pulp Fiction', 'Quentin Tarantino', 17, '1994', 9, 'Historias de dos matones, un boxeador y una pareja de atracadores de poca monta envueltos en una violencia espectacular e irónica.', './img/portadas/pulpo.jpg', '[\r\n    {\"nombre\": \"John Travolta\", \"personaje\": \"Vincent Vega\"},\r\n   {\"nombre\": \"Uma Thurman\", \"personaje\": \"Mia Wallace\"},\r\n      {\"nombre\": \"Samuel L. Jackson\", \"personaje\": \"Jules Winnfield\"},\r\n     {\"nombre\": \"Bruce Willis\", \"personaje\": \"Butch Coolidge\"},\r\n    {\"nombre\": \"Tim Roth\", \"personaje\": \"Pumpkin \"},\r\n    {\"nombre\": \"Ving Rhames\", \"personaje\": \"Marsellus Wallace\"}\r\n]', 8.9),
('Dune: Primera Parte', 'Denis Villeneuve', 18, '2021', 6, 'Arrakis, también denominado "Dune", se ha convertido en el planeta más importante del universo. A su alrededor comienza una gigantesca lucha por el poder que culmina en una guerra interestelar.', './img/portadas/dune1.jpg', '[\r\n    {\"nombre\": \"Timothée Chalamet\", \"personaje\": \"Paul Atreides\"},\r\n   {\"nombre\": \"Zendaya\", \"personaje\": \"Chani\"},\r\n      {\"nombre\": \"Rebecca Ferguson\", \"personaje\": \"Lady Jessica Atreides\"},\r\n     {\"nombre\": \"Stellan Skarsgard\", \"personaje\": \"Baron Vladimir Harkonnen\"},\r\n    {\"nombre\": \"Oscar Isaac\", \"personaje\": \"Duke Leto Atreides \"},\r\n    {\"nombre\": \"Jason Momoa\", \"personaje\": \"Duncan Idaho\"}\r\n]',8.0),
('Dune: Segunda Parte', 'Denis Villeneuve', 19, '2024', 6, 'Tras los sucesos de la primera parte acontecidos en el planeta Arrakis, el joven Paul Atreides se une a la tribu de los Fremen y comienza un viaje espiritual y marcial para convertirse en mesías, mientras intenta evitar el horrible pero inevitable futuro que ha presenciado: una Guerra Santa en su nombre, que se extiende por todo el universo conocido... Secuela de "Dune" (2021).', './img/portadas/dune2.jpg','[\r\n    {\"nombre\": \"Timothée Chalamet\", \"personaje\": \"Paul Atreides\"},\r\n   {\"nombre\": \"Zendaya\", \"personaje\": \"Chani\"},\r\n      {\"nombre\": \"Rebecca Ferguson\", \"personaje\": \"Lady Jessica Atreides\"},\r\n     {\"nombre\": \"Stellan Skarsgard\", \"personaje\": \"Baron Vladimir Harkonnen\"},\r\n   {\"nombre\": \"Javier Bardem\", \"personaje\": \"Stilgar \"},\r\n    {\"nombre\": \"Dave Bautista\", \"personaje\": \"Beast Rabban\"},\r\n {\"nombre\": \"Austin Butler\", \"personaje\": \"Feyd-Rautha\"}, \r\n {\"nombre\": \"Josh Brolin\", \"personaje\": \"Gurney Halleck\"}\r\n ]' , 8.8),
('Django Desencadenado', 'Quentin tarantino', 20, '2012', 1, 'Un antiguo esclavo une sus fuerzas con un cazador de recompensas alemán que lo libera y ayuda a cazar a los criminales más buscados del Sur, todo ello con la esperanza de encontrar a su esposa perdida hace mucho tiempo.', './img/portadas/django.jpg', '[\r\n    {\"nombre\": \"Jamie Foxx\", \"personaje\": \"Django\"},\r\n   {\"nombre\": \"Christoph Waltz\", \"personaje\": \"Dr. King Schultz\"},\r\n      {\"nombre\": \"Leonardo Di Caprio\", \"personaje\": \"Calvin Candie\"},\r\n     {\"nombre\": \"Kerry Washington\", \"personaje\": \"Broomhilda von Shaft\"},\r\n    {\"nombre\": \"Samuel L. Jackson\", \"personaje\": \"Stephen \"},\r\n    {\"nombre\": \"Walton Goggins\", \"personaje\": \"Billy Cash\"} \r\n]', 8.5),
('Nomadland', 'Chloé Zhao', 21, '2020', 1, 'Tras el colapso económico de una ciudad empresarial rural en Nevada, Fern (Frances McDormand) empaca su furgoneta y se pone en camino explorando una vida fuera de la sociedad convencional como una nómada moderna.', './img/portadas/nomadland.jpg', '[\r\n {\"nombre\": \"Frances McDormand\", \"personaje\": \"Fern\"},\r\n {\"nombre\": \"David Strathairn\", \"personaje\": \"Dave\"},\r\n {\"nombre\": \"Linda May\", \"personaje\": \"Linda May\"},\r\n {\"nombre\": \"Charlene Swankie\", \"personaje\": \"Swankie\"}\r\n]', 7.4),
('Manchester frente al mar', 'Kenneth Lonergan', 22, '2016', 1, 'Un hombre depresivo se ve obligado a regresar a su ciudad natal para cuidar de su sobrino adolescente después de que su hermano fallece inesperadamente.', './img/portadas/manchester_frente_al_mar.jpg', '[\r\n {\"nombre\": \"Casey Affleck\", \"personaje\": \"Lee Chandler\"},\r\n {\"nombre\": \"Lucas Hedges\", \"personaje\": \"Patrick\"},\r\n {\"nombre\": \"Michelle Williams\", \"personaje\": \"Randi\"}\r\n]', 7.8),
('Moonlight', 'Barry Jenkins', 23, '2016', 1, 'Una crónica de la infancia, adolescencia y madurez de un joven afroamericano que crece en una zona difícil de Miami.', './img/portadas/moonlight.jpg', '[\r\n {\"nombre\": \"Mahershala Ali\", \"personaje\": \"Juan\"},\r\n {\"nombre\": \"Trevante Rhodes\", \"personaje\": \"Chiron\"},\r\n {\"nombre\": \"Naomie Harris\", \"personaje\": \"Paula\"}\r\n]', 7.4),
('El pianista', 'Roman Polanski', 24, '2002', 1, 'Un pianista judío polaco lucha por la supervivencia en el gueto de Varsovia de la Segunda Guerra Mundial.', './img/portadas/el_pianista.jpg', '[\r\n {\"nombre\": \"Adrien Brody\", \"personaje\": \"Wladyslaw Szpilman\"},\r\n {\"nombre\": \"Thomas Kretschmann\", \"personaje\": \"Capitán Wilm Hosenfeld\"},\r\n {\"nombre\": \"Frank Finlay\", \"personaje\": \"Padre\"}\r\n]', 8.5),
('Jojo Rabbit', 'Taika Waititi', 25, '2019', 2, 'Un niño de las Juventudes Hitlerianas descubre que su madre esconde a una joven judía en su casa.', './img/portadas/jojo_rabbit.jpg', '[\r\n {\"nombre\": \"Roman Griffin Davis\", \"personaje\": \"Jojo\"},\r\n {\"nombre\": \"Taika Waititi\", \"personaje\": \"Adolf\"},\r\n {\"nombre\": \"Scarlett Johansson\", \"personaje\": \"Rosie\"}\r\n]', 7.9),
('La gran apuesta', 'Adam McKay', 26, '2015', 2, 'Un grupo de inversores apuesta contra el mercado de viviendas de EE. UU. antes de la crisis financiera de 2008.', './img/portadas/la_gran_apuesta.jpg', '[\r\n {\"nombre\": \"Christian Bale\", \"personaje\": \"Michael Burry\"},\r\n {\"nombre\": \"Steve Carell\", \"personaje\": \"Mark Baum\"},\r\n {\"nombre\": \"Ryan Gosling\", \"personaje\": \"Jared Vennett\"}\r\n]', 7.8),
('Superbad', 'Greg Mottola', 27, '2007', 2, 'Dos amigos de secundaria quieren disfrutar de su vida antes de la universidad.', './img/portadas/superbad.jpg', '[\r\n {\"nombre\": \"Jonah Hill\", \"personaje\": \"Seth\"},\r\n {\"nombre\": \"Michael Cera\", \"personaje\": \"Evan\"},\r\n {\"nombre\": \"Christopher Mintz-Plasse\", \"personaje\": \"Fogell\"}\r\n]', 7.6),
('El Gran Hotel Budapest', 'Wes Anderson', 28, '2014', 2, 'Un conserje de hotel y su joven aprendiz se ven envueltos en un robo de pintura y en la batalla por una enorme fortuna familiar.', './img/portadas/el_gran_hotel_budapest.jpg', '[\r\n {\"nombre\": \"Ralph Fiennes\", \"personaje\": \"M. Gustave\"},\r\n {\"nombre\": \"Tony Revolori\", \"personaje\": \"Zero Moustafa\"},\r\n {\"nombre\": \"Saoirse Ronan\", \"personaje\": \"Agatha\"}\r\n]', 8.1),
('Mad Max: Furia en la carretera', 'George Miller', 29, '2015', 3, 'En un desierto postapocalíptico, Max se une a Furiosa para huir de un tirano y su ejército en una guerra por la supervivencia.', './img/portadas/mad_max_furia.jpg', '[\r\n {\"nombre\": \"Tom Hardy\", \"personaje\": \"Max Rockatansky\"},\r\n {\"nombre\": \"Charlize Theron\", \"personaje\": \"Imperator Furiosa\"},\r\n {\"nombre\": \"Nicholas Hoult\", \"personaje\": \"Nux\"}\r\n]', 8.1),
('John Wick', 'Chad Stahelski', 30, '2014', 3, 'Un exasesino busca venganza contra los que mataron a su perro y le robaron su coche.', './img/portadas/john_wick.jpg', '[\r\n {\"nombre\": \"Keanu Reeves\", \"personaje\": \"John Wick\"},\r\n {\"nombre\": \"Michael Nyqvist\", \"personaje\": \"Viggo Tarasov\"},\r\n {\"nombre\": \"Alfie Allen\", \"personaje\": \"Iosef Tarasov\"}\r\n]', 7.4),
('Baby Driver', 'Edgar Wright', 31, '2017', 3, 'Un joven conductor de escapada utiliza su banda sonora personal para ser el mejor en el juego.', './img/portadas/baby_driver.jpg', '[\r\n {\"nombre\": \"Ansel Elgort\", \"personaje\": \"Baby\"},\r\n {\"nombre\": \"Kevin Spacey\", \"personaje\": \"Doc\"},\r\n {\"nombre\": \"Lily James\", \"personaje\": \"Debora\"}\r\n]', 7.6),
('Misión Imposible: Fallout', 'Christopher McQuarrie', 32, '2018', 3, 'Ethan Hunt y su equipo de IMF, junto con algunos aliados conocidos, compiten contra el tiempo después de una misión fallida.', './img/portadas/mision_imposible_fallout.jpg', '[\r\n {\"nombre\": \"Tom Cruise\", \"personaje\": \"Ethan Hunt\"},\r\n {\"nombre\": \"Henry Cavill\", \"personaje\": \"August Walker\"},\r\n {\"nombre\": \"Ving Rhames\", \"personaje\": \"Luther Stickell\"}\r\n]', 7.8),
('Interestelar', 'Christopher Nolan', 33, '2014', 6, 'Un grupo de exploradores utiliza un agujero de gusano recién descubierto para superar las limitaciones de los viajes espaciales tripulados y conquistar las vastas distancias involucradas en un viaje interestelar.', './img/portadas/interestelar.jpg', '[\r\n {\"nombre\": \"Matthew McConaughey\", \"personaje\": \"Cooper\"},\r\n {\"nombre\": \"Anne Hathaway\", \"personaje\": \"Amelia Brand\"},\r\n {\"nombre\": \"Jessica Chastain\", \"personaje\": \"Murph\"}\r\n]', 8.6),
('La Llegada', 'Denis Villeneuve', 34, '2016', 6, 'Una lingüista es reclutada por el ejército para ayudar a traducir las comunicaciones de extraterrestres que han aterrizado en todo el mundo.', './img/portadas/la_llegada.jpg', '[\r\n {\"nombre\": \"Amy Adams\", \"personaje\": \"Dra. Louise Banks\"},\r\n {\"nombre\": \"Jeremy Renner\", \"personaje\": \"Ian Donnelly\"},\r\n {\"nombre\": \"Forest Whitaker\", \"personaje\": \"Coronel Weber\"}\r\n]', 7.9),
('Ex Machina', 'Alex Garland', 35, '2014', 6, 'Un joven programador es seleccionado para participar en un experimento en inteligencia artificial al evaluar las cualidades humanas de un robot femenino altamente avanzado.', './img/portadas/ex_machina.jpg', '[\r\n {\"nombre\": \"Domhnall Gleeson\", \"personaje\": \"Caleb\"},\r\n {\"nombre\": \"Alicia Vikander\", \"personaje\": \"Ava\"},\r\n {\"nombre\": \"Oscar Isaac\", \"personaje\": \"Nathan\"}\r\n]', 7.7),
('Blade Runner 2049', 'Denis Villeneuve', 36, '2017', 6, 'Un joven blade runner descubre un secreto largo tiempo oculto que lo lleva a la búsqueda del antiguo blade runner Rick Deckard, que ha estado desaparecido durante treinta años.', './img/portadas/blade_runner_2049.jpg', '[\r\n {\"nombre\": \"Ryan Gosling\", \"personaje\": \"Oficial K\"},\r\n {\"nombre\": \"Harrison Ford\", \"personaje\": \"Rick Deckard\"},\r\n {\"nombre\": \"Ana de Armas\", \"personaje\": \"Joi\"}\r\n]', 8.0),
('Hereditary', 'Ari Aster', 37, '2018', 7, 'Después de la muerte de la matriarca de la familia, la familia Graham comienza a descubrir secretos oscuros sobre sus antepasados.', './img/portadas/hereditary.jpg', '[\r\n {\"nombre\": \"Toni Collette\", \"personaje\": \"Annie\"},\r\n {\"nombre\": \"Gabriel Byrne\", \"personaje\": \"Steve\"},\r\n {\"nombre\": \"Alex Wolff\", \"personaje\": \"Peter\"}\r\n]', 7.3),
('Get Out', 'Jordan Peele', 38, '2017', 7, 'Un joven afroamericano visita a la familia de su novia blanca, donde descubre la inquietante razón detrás de la acogida excesivamente cálida de sus anfitriones.', './img/portadas/get_out.jpg', '[\r\n {\"nombre\": \"Daniel Kaluuya\", \"personaje\": \"Chris\"},\r\n {\"nombre\": \"Allison Williams\", \"personaje\": \"Rose\"},\r\n {\"nombre\": \"Bradley Whitford\", \"personaje\": \"Dean\"}\r\n]', 7.7),
('A Quiet Place', 'John Krasinski', 39, '2018', 7, 'En un mundo postapocalíptico, una familia se ve forzada a vivir en silencio mientras se esconde de monstruos con audición ultrassensible.', './img/portadas/a_quiet_place.jpg', '[\r\n {\"nombre\": \"Emily Blunt\", \"personaje\": \"Evelyn Abbott\"},\r\n {\"nombre\": \"John Krasinski\", \"personaje\": \"Lee Abbott\"},\r\n {\"nombre\": \"Millicent Simmonds\", \"personaje\": \"Regan Abbott\"}\r\n]', 7.5),
('El resplandor', 'Stanley Kubrick', 40, '1980', 7, 'Un hombre, su hijo y su esposa se convierten en los cuidadores de invierno de un aislado hotel, donde el maligno y espiritual presencia influye en el padre en la violencia, mientras su hijo psíquico ve horrores del pasado y del futuro.', './img/portadas/el_resplandor.jpg', '[\r\n {\"nombre\": \"Jack Nicholson\", \"personaje\": \"Jack Torrance\"},\r\n {\"nombre\": \"Shelley Duvall\", \"personaje\": \"Wendy Torrance\"},\r\n {\"nombre\": \"Danny Lloyd\", \"personaje\": \"Danny Torrance\"}\r\n]', 8.4),
('Jesucristo Superstar','Norman Jewison', 41, '1973', 8, 'Versión cinematográfica del musical, que presenta las últimas semanas de la vida de Cristo contadas de forma anacrónica.', './img/portadas/Jesus.jpg', '[\r\n    {\"nombre\": \"Ted Neeley\", \"personaje\": \"Jesucristo\"},\r\n   {\"nombre\": \"Carl Anderson\", \"personaje\": \"Judas\"},\r\n      {\"nombre\": \"Yvonne Elliman\", \"personaje\": \"Maria Magdalena\"},\r\n     {\"nombre\": \"Barry Dennen\", \"personaje\": \"Poncio Pilato\"},\r\n {\"nombre\": \"Josh Mostel\", \"personaje\": \"El Rey Herodes\"}\r\n]', 7.4),
('Salvar al soldado Ryan', 'Steven Spielberg', 42, '1998', 8,'Tras el desembarco de Normandía, un grupo de soldados estadounidenses cruza las líneas enemigas para rescatar a un paracaidista cuyos hermanos han muerto en combate.', './img/portadas/Salvar.jpg', '[\r\n    {\"nombre\": \"Matt damon\", \"personaje\": \"Soldado Ryan\"},\r\n   {\"nombre\": \"Tom Sizemore\", \"personaje\": \"Sargento Horvath\"},\r\n      {\"nombre\": \"Edward Burns\", \"personaje\": \"Soldado Reiben\"},\r\n     {\"nombre\": \"Vin Diesel\", \"personaje\": \"Soldado Caparzo\"},\r\n    {\"nombre\": \"Barry Pepper\", \"personaje\": \"Soldado Jackson\"},\r\n    {\"nombre\": \"Tom Hanks\", \"personaje\": \"Capitan Miller\"} \r\n]',8.6),
('Los asesinos de la luna', 'Martin Scorsese', 43, '2024', 8 , 'En la década de 1920 en los Estados Unidos, miembros de la tribu Osage son asesinados bajo misteriosas circunstancias, provocando una importante investigación del FBI involucrando a J. Edgar Hoover.', './img/portadas/luna.jpg', '[\r\n    {\"nombre\": \"Leonardo DiCaprio\", \"personaje\": \"Ernest Burkhart\"},\r\n   {\"nombre\": \"Robert De Niro\", \"personaje\": \"William Hale\"},\r\n      {\"nombre\": \"Lily Gladstone\", \"personaje\": \"Mollie Burkhart\"},\r\n     {\"nombre\": \"Jesse Plemons\", \"personaje\": \"Tom White\"},\r\n    {\"nombre\": \"John Lithgow\", \"personaje\": \"Peter Leaward \"},\r\n    {\"nombre\": \"Brendan Fraser\", \"personaje\": \"W.S. Hamilton\"},\r\n    {\"nombre\": \"Cara Jade Myers\", \"personaje\": \"Anna \"}\r\n]',7.6),
('Siete años en el Tíbet', 'Jean-Jacques Annaud', 44, '1997', 8 , 'Historia real de Heinrich Harrer, un alpinista austriaco que se hizo amigo del dalái lama en la época de la toma del Tíbet por parte de China.', './img/portadas/tibet.jpg','[\r\n    {\"nombre\": \"Brad Pitt\", \"personaje\": \"Heinrich Harrer\"},\r\n   {\"nombre\": \"David Thewlis\", \"personaje\": \"Peter Aufschnaiter\"},\r\n      {\"nombre\": \"BD Wong\", \"personaje\": \" Ngawang Jigme\"},\r\n     {\"nombre\": \" Mako\", \"personaje\": \" Kungo Tsarong\"},\r\n    {\"nombre\": \"Ingeborga Dapkunaite\", \"personaje\": \"Ingrid Harrer \"}\r\n]' ,7.1),
('Ferrari', 'Michael Mann', 45 ,'2023', 8, 'En 1957, con el imperio automovilístico de Enzo Ferrari en crisis, el empresario se lleva a sí mismo y a sus conductores al límite cuando se lanzan a la Mille Miglia, una peligrosa carrera de 1.000 millas a través de Italia.', './img/portadas/ferrari.jpg', '[\r\n    {\"nombre\": \"Adam Driver\", \"personaje\": \"Enzo Ferrari\"},\r\n   {\"nombre\": \"Shailene Woodley\", \"personaje\": \"Lina Lardi\"},\r\n      {\"nombre\": \"Giuseppe Festinese\", \"personaje\": \"Piero Lardi\"},\r\n     {\"nombre\": \"Penélope Cruz\", \"personaje\": \"Laura Ferrari\"},\r\n    {\"nombre\": \"Derek Hill\", \"personaje\": \"Jean Behra\"},\r\n    {\"nombre\": \"Giuseppe Bonifati\", \"personaje\": \"Giacomo Cuoghi\"},\r\n    {\"nombre\": \"Domenico Fortunato\", \"personaje\": \"Adolfo Orsi \"} \r\n]' ,6.5),
('La lista de Schindler', 'Steven Spielberg', 46, '1993', 8, 'En la Polonia ocupada por los alemanes durante la Segunda Guerra Mundial, el industrial Oskar Schindler se preocupa por sus trabajadores judíos tras presenciar su persecución por los nazis.', './img/portadas/lalista.jpg', '[\r\n    {\"nombre\": \"Liam Neeson\", \"personaje\": \"Oskar Schindler\"},\r\n   {\"nombre\": \"Ralph Fiennes\", \"personaje\": \"Amon Fiennes\"},\r\n      {\"nombre\": \"Ben Kingsley\", \"personaje\": \"Itzhak Stern\"},\r\n     {\"nombre\": \"Caroline Goodall\", \"personaje\": \"Emile Schindler\"},\r\n    {\"nombre\": \"Jonathan Sagall\", \"personaje\": \"Poldek Pfefferberg \"},\r\n    {\"nombre\": \"Embeth Davidtz\", \"personaje\": \"Helen Hirsch\"} \r\n]',9.0),
('The Gentlemen: Los señores de la mafia', 'Guy Ritchie', 47, '2019', 9,'Un expatriado estadounidense intenta vender su muy rentable imperio de la marihuana en Londres, lo que desencadena complots, tramas, sobornos y chantajes en un intento de robarle sus dominios.', './img/portadas/gentlemen.jpg','[\r\n    {\"nombre\": \"Matthew McConaughey\", \"personaje\": \"Michael Pearson\"},\r\n   {\"nombre\": \"Charlie Hunnam\", \"personaje\": \"Ray\"},\r\n      {\"nombre\": \"Michelle Dockery\", \"personaje\": \"Rosalind Pearson\"},\r\n     {\"nombre\": \"Jeremy Strong\", \"personaje\": \"Matthew\"},\r\n    {\"nombre\": \"Lyne Renée\", \"personaje\": \"Jackie \"},\r\n    {\"nombre\": \"Colin Farrell\", \"personaje\": \"Entrenador\"} \r\n]' ,7.8),
('El lobo de Wall Street', 'Martin Scorsese', 48, '2013', 9, 'Basado en la historia real de Jordan Belfort, desde su ascenso a convertirse en un adinerado agente de bolsa viviendo la gran vida hasta su caída, que involucra el crimen, la corrupción y el gobierno federal.', './img/portadas/elobo.jpg', '[\r\n    {\"nombre\": \"Leonardo DiCaprio\", \"personaje\": \"Jordan Belfort\"},\r\n   {\"nombre\": \"Jonah Hill\", \"personaje\": \"Donnie Azoff\"},\r\n      {\"nombre\": \"Margot Robbie\", \"personaje\": \"Naomi Lapaglia\"},\r\n     {\"nombre\": \"Matthew McConaughey\", \"personaje\": \"Mark Hanna\"},\r\n    {\"nombre\": \"Jon Bernthal\", \"personaje\": \"Brad \"},\r\n    {\"nombre\": \"Jon Favreau\", \"personaje\": \"Manny Riskin\"},\r\n    {\"nombre\": \"Rob Reiner\", \"personaje\": \"Max Belfort \"},\r\n    {\"nombre\": \"Kyle Chandler\", \"personaje\": \"Agente Patrick Denham\"} \r\n]' ,8.2),
('Snatch. Cerdos y diamantes', 'Guy Ritchie', 49, '2000', 9, 'Promotores de boxeo sin escrúpulos, editores violentos, un gánster ruso, ladrones amateur incompetentes, y joyeros supuestamente judíos se enfrentan para seguirle la pista a un preciado diamante robado.', './img/portadas/snatch.jpg', '[\r\n    {\"nombre\": \"Jason Statham\", \"personaje\": \"El Turco\"},\r\n   {\"nombre\": \"Brad Pitt\", \"personaje\": \"Mickey O Neil\"},\r\n      {\"nombre\": \"Stephen Graham\", \"personaje\": \"Tommy\"},\r\n     {\"nombre\": \"Vinnie Jones\", \"personaje\": \"Bullet-Tooth Tony\"},\r\n    {\"nombre\": \"Ade\", \"personaje\": \"Tyrone \"},\r\n    {\"nombre\": \"William Beck\", \"personaje\": \"Neil\"}\r\n]',8.2),
('El silencio de los corderos', 'Jonathan Demme', 50, '1991', 9, 'Una joven cadete del FBI busca la ayuda de un asesino caníbal y manipulador encarcelado con el fin de atrapar a otro asesino en serie, un loco que despelleja a sus víctimas.', './img/portadas/silencio.jpg','[\r\n    {\"nombre\": \"Jodie Foster\", \"personaje\": \"Clarice Starling\"},\r\n   {\"nombre\": \"Anthony Hopkins\", \"personaje\": \"Dr. Hannibal Lecter\"},\r\n      {\"nombre\": \"Scott Glenn\", \"personaje\": \"Jack Crawford\"},\r\n     {\"nombre\": \"Ted Levine\", \"personaje\": \"Jame Gumb\"},\r\n    {\"nombre\": \"Anthony Heald\", \"personaje\": \"Dr. Frederick Chilton \"}\r\n]' , 8.6),
('Kill Bill: Volumen 1', 'Quentin Tarantino', 51, '2003', 9, 'Tras despertar de un coma de cuatro años, una antigua asesina se venga del equipo de asesinos que la traicionó.', './img/portadas/killbill1.jpg', '[\r\n    {\"nombre\": \"Uma Thurman\", \"personaje\": \"La Novia\"},\r\n   {\"nombre\": \"David Carradine\", \"personaje\": \"Bill\"},\r\n      {\"nombre\": \"Daryl Hannah\", \"personaje\": \"Elle Driver\"},\r\n     {\"nombre\": \"Michael Madsen\", \"personaje\": \"Budd\"},\r\n    {\"nombre\": \"Lucy Liu\", \"personaje\": \"O-Ren Ishii \"},\r\n    {\"nombre\": \"Vivica A. Fox\", \"personaje\": \"Vernita Green\"},\r\n    {\"nombre\": \"Michael Parks\", \"personaje\": \"Earl McGraw \"} \r\n]' ,8.2),
('Kill Bill: Volumen 2','Quentin Tarantino', 52, '2004', 9, 'La novia continúa su búsqueda de venganza contra su antiguo jefe y amante Bill, el solitario portero Budd y la traicionera Elle, tuerta.', './img/portadas/killbill2.jpg','[\r\n    {\"nombre\": \"Uma Thurman\", \"personaje\": \"Beatrix Kiddo aka La Novia\"},\r\n   {\"nombre\": \"David Carradine\", \"personaje\": \"Bill\"},\r\n      {\"nombre\": \"Daryl Hannah\", \"personaje\": \"Elle Driver\"},\r\n     {\"nombre\": \"Michael Madsen\", \"personaje\": \"Budd\"},\r\n    {\"nombre\": \"Ambrosia Kelley\", \"personaje\": \"Nikki\"},\r\n    {\"nombre\": \"Vivica A. Fox\", \"personaje\": \"Vernita Green\"},\r\n    {\"nombre\": \"Michael Parks\", \"personaje\": \"Earl McGraw \"} \r\n]' ,8.0),
('Uno de los Nuestros', 'Martin Scorsese', 53, '1990', 9, 'La historia de Henry Hill y su vida en la mafia, abarcando su relación con su esposa Karen Hill y sus socios mafiosos Jimmy Conway y Tommy DeVito en el sindicato del crimen italoamericano.', './img/portadas/unode.jpg',  '[\r\n    {\"nombre\": \"Robert De Niro\", \"personaje\": \"James Conway\"},\r\n   {\"nombre\": \"Ray Liotta\", \"personaje\": \"Henry Hill\"},\r\n      {\"nombre\": \"Joe Pesci\", \"personaje\": \"Tommy DeVito\"},\r\n     {\"nombre\": \"Lorraine Bracco\", \"personaje\": \"Karen Hill\"},\r\n    {\"nombre\": \"Paul Sorvino\", \"personaje\": \"Paul Cicero \"},\r\n    {\"nombre\": \"Tony Darrow\", \"personaje\": \"Sonny Bunz\"}\r\n]',8.7),
('Se7en', 'David Fincher', 54, '1995', 5, 'Dos detectives, un novato y un veterano, dan caza a un asesino en serie cuyo móvil son los siete pecados capitales.', './img/portadas/seven.jpg', '[\r\n    {\"nombre\": \"Morgan Freeman\", \"personaje\": \"Somerset\"},\r\n   {\"nombre\": \"Brad Pitt\", \"personaje\": \"Mills\"},\r\n      {\"nombre\": \"Kevin Spacey\", \"personaje\": \"John Doe\"},\r\n     {\"nombre\": \"Gwyneth Paltrow\", \"personaje\": \"Tracy\"} \r\n]',8.6),
('A serbian film', 'Srdjan Spasojevic', 55, '2010', 7, 'Una estrella del porno que envejece acepta participar en una ""película de arte"" para romper con el negocio, sólo para descubrir que ha sido reclutado para hacer una película snuff con temas de pedofilia y necrofilia.', './img/portadas/serbian.jpg', '[\r\n    {\"nombre\": \"Srdjan Zika Todorovic\", \"personaje\": \"Milos\"},\r\n   {\"nombre\": \"Sergej Trifunovic\", \"personaje\": \"Vukmir\"},\r\n      {\"nombre\": \"Jelena Gavrilovic\", \"personaje\": \"Marija\"} \r\n]',5.0),
('Los Cazafantasmas', 'Ivan Reitman', 56, '1984', 6,'Tres parapsicólogos que se ven obligados a abandonar su financiación universitaria montan un singular servicio de eliminación de fantasmas en la ciudad de Nueva York, atrayendo a clientes asustados pero escépticos.', './img/portadas/cazados.jpg', '[\r\n    {\"nombre\": \"Bill Murray\", \"personaje\": \"Dr. Peter Venkman\"},\r\n   {\"nombre\": \"Dan Aykroyd\", \"personaje\": \"Dr. Raymond Stantz\"},\r\n      {\"nombre\": \"Harold Ramis\", \"personaje\": \"Dr. Egon Spengler\"},\r\n     {\"nombre\": \"Ernie Hudson\", \"personaje\": \"Winston Zeddmore\"},\r\n    {\"nombre\": \"Sigourney Weaver\", \"personaje\": \"Dana Barrett\"},\r\n    {\"nombre\": \"Rick Moranis\", \"personaje\": \"Louis Tully\"},\r\n    {\"nombre\": \"Annie Potts\", \"personaje\": \"Janine Melnitz \"},\r\n    {\"nombre\": \"William Atherton\", \"personaje\": \"Walter Peck\"} \r\n]',7.8 ),
('Wonka', 'Paul King', 57, '2023', 4, 'La historia se centrará específicamente en un joven Willy Wonka y en cómo conoció a los Oompa-Loompas en una de sus primeras aventuras.', './img/portadas/wonka.jpg', '[\r\n    {\"nombre\": \"Timothée Chalamet\", \"personaje\": \"Willy Wonka\"},\r\n   {\"nombre\": \"Murray McArthur\", \"personaje\": \"Capitán del Barco\"},\r\n      {\"nombre\": \"Matilda Tucker\", \"personaje\": \"La Madre\"},\r\n     {\"nombre\": \"Paterson Joseph\", \"personaje\": \"Slugworth\"}  \r\n]', 7.0),
('The Greatest Showman', 'Michael Gracey', 58, '2017', 4, 'En el siglo XIX, P.T. Barnum es un visionario que surge de la nada y crea un fascinante espectáculo que se convertirá en una sensación mundial, el llamado Ringling Bros. and Barnum & Bailey Circus.', './img/portadas/puroshownene.jpg', '[\r\n    {\"nombre\": \"Hugh Jackman\", \"personaje\": \"P.T. Barnum\"},\r\n   {\"nombre\": \"Michelle Williams\", \"personaje\": \"Charity Barnum\"},\r\n      {\"nombre\": \"Zack Efron\", \"personaje\": \"Phillip Carlyle\"}  \r\n]', 7.5),
('Grease', 'Randal Kleiser', 59, '1978', 4, 'El rebelde Danny Zuko y la inocente australiana Sandy mantienen un romance durante las vacaciones de verano, creyendo que no se volverán a ver. Sin embargo, para la sorpresa de ambos, acaban estudiando juntos en el mismo instituto durante el nuevo curso.', './img/portadas/grease.jpg', '[\r\n    {\"nombre\": \"John Travolta\", \"personaje\": \"Danny\"},\r\n   {\"nombre\": \"Jeff Conaway\", \"personaje\": \"Kenickie\"},\r\n      {\"nombre\": \"Olivia Newton-John\", \"personaje\": \"Sandy\"},\r\n     {\"nombre\": \"Stockard Channing\", \"personaje\": \"Rizzo\"}  \r\n]',7.2),
('Frozen: El reino del hielo', 'Chris Buck', 60, '2013', 4, 'Cuando la recién coronada reina Elsa usa accidentalmente su poder de convertir las cosas en hielo, su hermana Anna une fuerzas con un hombre de la montaña, su juguetón reno y un muñeco de nieve, para cambiar las condiciones climáticas.', './img/portadas/frozen.jpg', '[\r\n    {\"nombre\": \"Kristen Bell\", \"personaje\": \"Anna (Voz)\"},\r\n   {\"nombre\": \"Idina Menzel\", \"personaje\": \"Elsa (Voz)\"},\r\n      {\"nombre\": \"Jonathan Grof\", \"personaje\": \"Kristoff (Voz)\"},\r\n     {\"nombre\": \"Josh Gad\", \"personaje\": \"Olaf (Voz)\"}  \r\n]', 7.4),
('West Side Story', 'Steven Spielberg', 61, '2021', 4, 'Una adaptación del musical de 1957 que explora el amor prohibido y la rivalidad entre las pandillas callejeras de adolescentes de diferentes orígenes étnicos, los Jets y los Sharks.', './img/portadas/westside.jpg', '[\r\n    {\"nombre\": \"Ansel Elgort\", \"personaje\": \"Tony\"},\r\n   {\"nombre\": \"Rachel Zegler\", \"personaje\": \"Maria\"},\r\n      {\"nombre\": \"Ariana DeBose\", \"personaje\": \"Anita\"},\r\n     {\"nombre\": \"David Alvarez\", \"personaje\": \"Bernardo\"}  \r\n]', 7.1),
('Mamma Mia!', 'Phyllida Lloyd', 62, '2008', 4, 'La historia de una novia que busca encontrar a su verdadero padre usando pistas de las canciones pop de ABBA de la juventud de su madre.', './img/portadas/mamma_mia.jpg', '[{\"nombre\": \"Meryl Streep\", \"personaje\": \"Donna\"}, {\"nombre\": \"Amanda Seyfried\", \"personaje\": \"Sophie\"}, {\"nombre\": \"Pierce Brosnan\", \"personaje\": \"Sam\"}]', 6.4),
('Hairspray', 'Adam Shankman', 63, '2007', 4, 'En Baltimore de los años 60, una chica persigue su sueño de bailar en un programa de TV y luchar por la igualdad racial.', './img/portadas/hairspray.jpg', '[{\"nombre\": \"John Travolta\", \"personaje\": \"Edna Turnblad\"}, {\"nombre\": \"Nikki Blonsky\", \"personaje\": \"Tracy Turnblad\"}, {\"nombre\": \"Zac Efron\", \"personaje\": \"Link Larkin\"}]', 6.7),
('Dreamgirls', 'Bill Condon', 64, '2006', 4, 'Sigue la historia de un trío de mujeres cantantes que enfrentan los desafíos de la fama y la fortuna en la industria musical de los 60s y 70s.', './img/portadas/dreamgirls.jpg', '[{\"nombre\": \"Beyoncé\", \"personaje\": \"Deena Jones\"}, {\"nombre\": \"Jennifer Hudson\", \"personaje\": \"Effie White\"}, {\"nombre\": \"Eddie Murphy\", \"personaje\": \"James Thunder\"}]', 6.5),
('Chicago', 'Rob Marshall', 65, '2002', 4, 'Dos mujeres acusadas de asesinato en el Chicago de los años 20 compiten por la atención de la prensa y la fama que puede liberarlas.', './img/portadas/chicago.jpg', '[{\"nombre\": \"Renée Zellweger\", \"personaje\": \"Roxie Hart\"}, {\"nombre\": \"Catherine Zeta-Jones\", \"personaje\": \"Velma Kelly\"}, {\"nombre\": \"Richard Gere\", \"personaje\": \"Billy Flynn\"}]', 7.2),
('Knives Out', 'Rian Johnson', 66, '2019', 5, 'Un detective excéntrico investiga la muerte del patriarca de una excéntrica y combativa familia.', './img/portadas/knives_out.jpg', '[{\"nombre\": \"Daniel Craig\", \"personaje\": \"Benoit Blanc\"}, {\"nombre\": \"Chris Evans\", \"personaje\": \"Ransom Drysdale\"}, {\"nombre\": \"Ana de Armas\", \"personaje\": \"Marta Cabrera\"}]', 7.9),
('Gone Girl', 'David Fincher', 67, '2014', 5, 'Con su esposa desaparecida, un hombre se encuentra en el centro de un torbellino mediático mientras la policía sospecha que él podría no ser inocente.', './img/portadas/gone_girl.jpg', '[{\"nombre\": \"Ben Affleck\", \"personaje\": \"Nick Dunne\"}, {\"nombre\": \"Rosamund Pike\", \"personaje\": \"Amy Dunne\"}, {\"nombre\": \"Neil Patrick Harris\", \"personaje\": \"Desi Collings\"}]', 8.1),
('Shutter Island', 'Martin Scorsese', 68, '2010', 5, 'Un detective de EE.UU. investiga la desaparición de una asesina que escapó de un hospital para criminales dementes y descubre secretos más oscuros de lo que imagina.', './img/portadas/shutter_island.jpg', '[{\"nombre\": \"Leonardo DiCaprio\", \"personaje\": \"Teddy Daniels\"}, {\"nombre\": \"Mark Ruffalo\", \"personaje\": \"Chuck Aule\"}, {\"nombre\": \"Ben Kingsley\", \"personaje\": \"Dr. John Cawley\"}]', 8.2),
('Mystic River', 'Clint Eastwood', 69, '2003', 5, 'El asesinato de una joven en Boston reúne a tres hombres que fueron amigos de la infancia, pero cada uno lleva un secreto que quiere mantener enterrado.', './img/portadas/mystic_river.jpg', '[{\"nombre\": \"Sean Penn\", \"personaje\": \"Jimmy Markum\"}, {\"nombre\": \"Tim Robbins\", \"personaje\": \"Dave Boyle\"}, {\"nombre\": \"Kevin Bacon\", \"personaje\": \"Sean Devine\"}]', 8.0),
('La chica del Dragón Tatuado', 'David Fincher', 79, '2011', 5, 'Un periodista y una hacker se unen para resolver un misterio de desaparición en Suecia, pero descubren mucho más de lo que esperaban.', './img/portadas/dragon_tattoo.jpg', '[{\"nombre\": \"Daniel Craig\", \"personaje\": \"Mikael Blomkvist\"}, {\"nombre\": \"Rooney Mara\", \"personaje\": \"Lisbeth Salander\"}, {\"nombre\": \"Christopher Plummer\", \"personaje\": \"Henrik Vanger\"}]', 7.8),
('El juego bonito', 'Thea Sharrock', 71, '2024', 2, 'Un equipo de fútbol inglés viaja de Londres a Roma para participar en la Copa Mundial de los Sin Techo. El entrenador incluye a último momento a Vinny, un delantero talentoso con un pasado problemático. Este debe superar sus desafíos personales para contribuir al equipo.', './img/portadas/el_juego_bonito.jpg', '[{\"nombre\": \"Bill Nighy\", \"personaje\": \"Entrenador Henry\"}, {\"nombre\": \"Micheal Ward\", \"personaje\": \"Vinny Clark\"}, {\"nombre\": \"Valeria Golino\", \"personaje\": \"Maria Russo\"}, {\"nombre\": \"Cristina Rodlo\", \"personaje\": \"Elena Vitti\"}]', 4.8),
('Monkey Man', 'Dev Patel', 72, '2024', 6, 'Kid, un exdelincuente recién salido de prisión, vive en la India luchando contra la avaricia y la falta de valores espirituales del mundo. Busca venganza por la muerte de su madre mientras defiende a las clases desfavorecidas.', './img/portadas/monkey_man.jpg', '[{\"nombre\": \"Dev Patel\", \"personaje\": \"Kid\"}, {\"nombre\": \"Sharlto Copley\", \"personaje\": \"Agent Ethan\"}, {\"nombre\": \"Sobhita Dhulipala\", \"personaje\": \"Leela\"}]', 6.4),
('Blade Runner 1982', 'Ridley Scott', 73, '1982', 6, 'En un futuro distópico, un ex policía se convierte en un cazador de replicantes, seres casi indistinguibles de los humanos, en una oscura y lluviosa Los Ángeles.', './img/portadas/blade_runner_1982.jpg', '[{\"nombre\": \"Harrison Ford\", \"personaje\": \"Rick Deckard\"}, {\"nombre\": \"Rutger Hauer\", \"personaje\": \"Roy Batty\"}]', 8.2),
('El club de los cinco', 'John Hughes', 74, '1985', 2, 'Cinco estudiantes de secundaria, todos diferentes entre sí, se encuentran en detención donde descubren que tienen más en común de lo que pensaban.', './img/portadas/breakfast_club.jpg', '[{\"nombre\": \"Emilio Estevez\", \"personaje\": \"Andrew Clark\"}, {\"nombre\": \"Molly Ringwald\", \"personaje\": \"Claire Standish\"}]', 7.9),
('Érase una vez en América', 'Sergio Leone', 75, '1984', 9, 'Principios del siglo XX. David Aaronson, un pobre chaval judío, conoce en los suburbios de Manhattan a Max, otro joven de origen hebreo dispuesto a llegar lejos por cualquier método. Entre ellos nace una gran amistad y, con otros colegas, forman una banda que prospera rápidamente, llegando a convertirse, en los tiempos de la Ley Seca (1920-1933), en unos importantes mafiosos.', './img/portadas/erase_una_vez_en_america.jpg', '[{\"nombre\": \"Robert De Niro\", \"personaje\": \"David Noodles Aaronson\"}, {\"nombre\": \"James Woods\", \"personaje\": \"Maximilian Max Bercovicz\"}, {\"nombre\": \"Elizabeth McGovern\", \"personaje\": \"Deborah Gelly\"}, {\"nombre\": \"Tuesday Weld\", \"personaje\": \"Carol\"}, {\"nombre\": \"Treat Williams\", \"personaje\": \"James Conway ODonnell\"}, {\"nombre\": \"Joe Pesci\", \"personaje\": \"Frankie Minaldi\"}]', 8.4);

-- --------------------------------------------------------


--
--  Volcado de datos para la tabla noticias
--


INSERT INTO `noticias` (`titulo`, `post_id`, `portada`, `texto`, `autor`, `fecha`, `rol`) VALUES 
('Noir on Noir: Mark Protosevich habla de los clásicos del detective privado incluidos en su nueva serie protagonizada por Colin Farrell', 1, './img/noticias/Sugar.png', 'En términos generales, aquí en 7thArt no cubrimos la televisión (bueno, todavía no...), pero si alguna vez hubo una serie que exigió nuestra atención, es el nuevo drama privado de Mark Protosevich, Sugar, que rezuma positivamente un profundo amor por todo lo relacionado con el cine.
Está protagonizada por Colin Farrell como John Sugar, un detective privado de alto nivel con un pasado misterioso que, en contra de los deseos de su manejadora Ruby (interpretada por Kirby, ahora un monónimo después de haber sido acreditado anteriormente como Kirby Howell-Baptiste), acepta asumir el trabajo de un poderoso magnate de Hollywood (James Cromwell, que evoca a Sterling Hayden en The Long Goodbye y a John Huston tanto en Chinatown como en la vida real), cuya querida nieta está desaparecida. Además de tener lugar en Los Ángeles y de tratarse de una familia que incluye tres generaciones de talentos (ficticios) de Hollywood, Sugar realmente vende su celuloide de buena fe al hacer que su personaje principal sea un total obsesivo con las películas. Está en una historia de cine negro y siempre habla de cine negro. Aunque es muy hábil para lidiar con el desorden de la criminalidad contemporánea, Sugar parece seguir todas las señales de las películas antiguas. En el primer episodio, acuesta a un personaje borracho en la cama frente a un televisor que muestra el clásico de Kirk Douglas y Barbara Stanwyck, El extraño amor de Martha Ivers, y susurra en voz baja: "Oh, te espera un regalo". En el segundo episodio, va a ver el clásico de 1971 de John Cassavetes, Minnie y Moskowitz, en un teatro. Lo único que falta es que registre la película en su cuenta 7thArt. Más allá del excesivo contenido cinematográfico del universo de Sugar, cada episodio también está plagado de clips de películas clásicas para ayudar a ilustrar la mentalidad y las dificultades de Sugar. Momentos de Kiss Me Deadly, Gilda, Johnny Guitar y The Big Heat aparecen solo en el episodio uno. Sugar incluso lleva el arma de Glenn Ford de ese último título; no una réplica, sino el arma real que Glenn Ford usó mientras filmaba The Big Heat.
Entonces, sí, el programa a menudo parece que fue hecho solo para miembros de 7thArt. Especialmente en la seriedad con la que presenta el enigmático amor de Sugar por el cine. Atormentado por traumas pasados, da la sensación de que, en algún nivel, las películas lo salvaron. ¿No lo éramos todos?
Protosevich admite que este aspecto del carácter de Sugar proviene en gran medida de un ámbito personal. “Yo diría que sí”, se ríe. “Sugar, el personaje, logra expresar mucho de lo que yo siento [acerca de las películas]. Es decepcionante para mí que haya tanta gente joven e incluso gente que quiere dedicarse a hacer películas, que no conocen la historia del medio, que no comprenden qué grandes películas surgieron desde la era del cine mudo. los años 30, 40, 50 y 60. Siempre me entristece que no haya tanta sed de conocimiento del cine en su totalidad, o incluso del cine internacional”. \r\n
Has venido al lugar correcto, Marcos. Durante muchos años, Protosevich fue mejor conocido en Hollywood por su reconocida adaptación cinematográfica de Soy leyenda, de Richard Matheson, un proyecto que finalmente se transformó en la (significativamente diferente) película de Will Smith, en la que Protosevich tiene crédito, y por escribir la El thriller de ciencia ficción sobre asesinos en serie del año 2000 de alto concepto, The Cell. También tiene créditos en el primer Thor y escribió la nueva versión de Oldboy de Spike Lee. Pero podría decirse que hay más de él en Sugar que en cualquier cosa que haya escrito antes.', 'Zakarias Marlboro', '01/02/2024', 1),

('Primer avance de "Joker: Folie à deux"', 2,'./img/noticias/Joker.png','Warner Bros. presenta un primer y breve avance de "Joker: Folie à deux", la esperada secuela de "Joker" que Warner Bros. estrenará en los cines de Estados Unidos y España el próximo 4 de octubre. Dicho avance es un preámbulo de un primer tráiler que veremos completo esta misma madrugada, a eso de las 03:30 hora española.
Como no podía ser de otra manera, Joaquin Phoenix vuelve a encabezar un reparto del que también forman parte Zazie Beetz, Brendan Gleeson, Catherine Keener, Jacob Lofland, Harry Lawtey... y por supuesto Lady Gaga, quien recordemos da vida a Harley Quinn, en una versión alternativa del personaje al que dió vida Margot Robbie en "Escuadrón suicida", "Aves de presa (y la fantabulosa emancipación de Harley Quinn)" y "El escuadrón suicida". 
Dejando de lado que su título oficial hace referencia a un raro síndrome psiquiátrico, se desconoce por ahora detalles concretos en torno a su argumento, así como que personajes serán de la partida además de los de Arthur Fleck y Harley Quinn. Todo apunta eso sí a que ha sido concebida como una especie de musical, o que al menos, contará con un importante componente musical. 
"Joker: Folie à deux" está de nuevo dirigida por Todd Phillips, también co-guionista junto a Scott Silver, y será uno de los primeros proyectos de DC que nos llegue bajo la denominación DC Elseworlds, referida a cualquier película o serie que se desarrolle al margen del nuevo Universo DC que durante los próximos años pretenden desarrollar James Gunn y Peter Safran a través de DC Studios.', 'Jorge Salvaje', '27/03/2024', 1),

('El mundo entero estará mirando. Tráiler de "Fly Me to the Moon"', 3, './img/noticias/FlyMe.png', 'Lo promedito es deuda: Apple TV+ presenta el tráiler oficial de "Fly Me to the Moon", película anteriormente conocida como "Project Artemis" que llegará a las salas de cine de todo el mundo conocido el próximo 12 de julio de la mano de Sony Pictures. 
Protagonizada por Scarlett Johansson, Channing Tatum, Ray Romano, Jim Rash y Woody Harrelson, se trata de una comedia dramática ambientada durante el histórico alunizaje del Apolo 11 de la NASA que ha dirigido Greg Berlanti y escrito Rose Gilroy, hija del cineasta Dan Gilroy y la actriz René Russo. 
Llamados para mejorar la imagen pública de la NASA, las chispas vuelan en todas las direcciones cuando la prodigio del marketing Kelly Jones causa estragos en la ya difícil tarea del director de lanzamiento Cole Davis.
Cuando la Casa Blanca considera que la misión es demasiado importante para fracasar, Jones recibe la orden de simular un alunizaje falso como respaldo y comienza la verdadera cuenta atrás...
Este es el segundo "Apple Original Film" que será distribuido por Sony Pictures en salas de todo el mundo después de haber hecho lo propio con el exitoso "Napoleón" de Ridley Scott, mientras que, recordemos, el tercero será "Wolfs", thriller escrito y dirigido Jon Watts que protagonizan Brad Pitt y George Clooney a estrenar el próximo mes de septiembre.
Los otros dos "Apple Original Film" -por ahora- estrenados en cine, "Los asesinos de la luna" y "Argylle", fueron distribuidos por Paramount Pictures y Universal Pictures, respectivamente.', 'Eduardo Camapinga', '04/04/2024', 0),

('La tercera entrega de "Puñales por la espalda" comenzará a rodarse a finales de año', 4, './img/noticias/daniel.jpg', 'Desde World of Reel avanzan que la tercera entrega de "Puñales por la espalda" (2019) comenzará a filmarse el próximo mes de noviembre. Por el momento apenas conocemos detalles respecto a la nueva trama y sus personajes, pues tan solo sabemos que Rian Johnson volverá a ser el guionista y director y Daniel Craig retomará su papel del detective privado Benoit Blanc.
Actualmente Johnson trabaja en el guion de la tercera entrega de esta franquicia de misterio y asesinatos. Según declaraciones del cineasta: "Está avanzando. Estoy buceando con toda mi fuerza, y así va avanzando. Tengo la premisa, tengo el escenario, tengo la película en mi cabeza. Es sólo cuestión de escribir la maldita cosa". 
"Puñales por la espalda: El misterio de Glass Onion", secuela del film estrenada en 2022, le sirvió a Johnson para conseguir una nominación al Oscar al Mejor Guión Adaptado. Respecto a la primera entrega (también nominada al Mejor Guion), esta sí tuvo un estreno mundial masivo obteniendo una recaudación de 312 millones de dólares para un presupuesto de 40 millones. Tras su éxito, Netflix se hizo con los derechos de una segunda y tercera entrega de la franquicia por la friolera de 469 millones de dólares.', 'Paul Cigarro', '04/04/2024', 0),

('Según James Cameron "Fantastic Voyage" se hará muy pronto', 5, './img/noticias/jamescameron.jpg', 'Durante su aparición en la Cinemateca Francesa de París, el legendario cineasta James Cameron dio algunos detalles sobre la nueva versión de la película de ciencia ficción de 1966, "Fantastic Voyage". Cameron viene expresando su interés en producir un remake de "Viaje alucinante" desde finales de los 90, si bien ha centrado su atención en otras grandes producciones como "Avatar". 
La última noticia que tuvimos de este proyecto fue en 2016, cuando se anunció que Guillermo del Toro asumiría su dirección. Ahora, ocho años después, Cameron ha vuelto a asegurar que sigue planeando producir una nueva versión de la famosa película de Richard Fleischer.  
"Lo hemos estado desarrollando durante varios años y planeamos concretarlo muy pronto. Raquel Welch no está disponible, pero creemos que podemos hacer una película bastante buena", dijo Cameron respecto a este proyecto que será producido por su Lightstorm Entertainment y que contará con un guion de David S. Goyer.  
Respecto a la historia, el Centro de Miniaturización americano recibe a un eminente científico que sabe como prolongar el estado de empequeñecimiento a más del establecido. Un atentado que quiere acabar con su vida lo deja malherido, con un coágulo en su cerebro. Un grupo de expertos son entonces miniaturizados e introducidos en un submarino con el fin de internarse en el cuerpo del científico y conseguir disolver el grumo.', 'Nil Ojeda', '29/03/2024', 0),

('Ahora es una cruel máquina de matar. Teaser tráiler de "Bambi: The Reckoning"', 6, './img/noticias/bambi.jpg', 'Vamos con el primer avance de "Bambi: The Reckoning", nueva cinta de terror adaptada a partir de un clásico infantil que formará parte del llamado Poohniverse. En el vídeo vemos a unos cazadores y una aparición final del ciervo chocando contra un automóvil, antes de dejar escapar un rugido. 
Dirigida por Dan Allen a partir de un guion de Felix Salten y Rhys Warrington, la película está protagonizada por Roxanne McKee, Nicola Wright, Samira Mighty, Russell Geoffrey Banks, Alex Cooke, Tom Mulheron, Ewan Borthwick y Catherine Adams. 
"Bambi: The Reckoning" formará parte del "Twisted Childhood Universe", una serie de proyectos que provienen de Jagged Edge Productions e ITN Studios y que contará con otras películas previamente anunciadas como "Peter Pans Neverland Nightmare" y "Pinocchio Unstrung". 
Este nuevo Universo culminará en 2025 con una película titulada "Poohniverse: Monsters Assembled", en la que veremos a todos los monstruos unirse. Volviendo a Bambi, la película llegará a nuestros cines el 5 de diciembre de 2024 a manos de Flins & Pinículas.', 'Lucas Pérez', '12/02/2024', 0);


