/*
  Recuerda que deshabilitar la opción "Enable foreign key checks" para evitar problemas a la hora de importar el script.
*/
TRUNCATE TABLE `peliculas`;
TRUNCATE TABLE `usuarios`;



/*
  user: userpass aa
  admin: adminpass
*/
INSERT INTO `usuarios` (`username`, `password`, `user_id`, `rol`, `email`, `foto`) VALUES
('user', '$2a$12$WF1/Gum.Y7voVfeQXFzJgOS.b.8T9MoFLUlv8/pPnVltM2PV8PtHS', 1, 'premium', 'user@gmail.com', './img/fotosPerfil/2.png'),
('admin', '$2a$12$Gk7ChJIjOlbckeYWvQgWEeaR7dLOirztJPWszesu2Trxb3cgdwJrm', 2, 'admin', 'admin@gmail.com', './img/fotosPerfil/admin.png'),
('critico', '$2a$12$xZ8cPwpRwobjsLwknsMAp.X8IFFGVUZs2BmcrtbXPP.5V.L.RNHxe', 3, 'critico', 'critico@gmail.com', './img/fotosPerfil/1.png'),
('free', '$2a$12$jdFGSCXyzLyl/3dAHho5bu7L2tWPqEIQ08oPLkBO5XaxOme.QNMd.', 4, 'premium', 'user2@gmail.com', './img/fotosPerfil/1.png'),
('premium', '$2a$12$UdlTk8bnmPvPItUbKrOHT.sAj0s0LMdIVauHVWcxLQg2yxr64GeR2
', 5, 'premium', 'premium@gmail.com', './img/fotosPerfil/1.png'),
('quentin_tarantino', '$2a$12$n1gsoBoizdiuHSlKjPtlW.yIKVq03QxHBuDYH.mxJhGo2noZOd4OO', 7, 'director', 'quentin@gmail.com', './img/fotosPerfil/quentin.png'),
('bradpitt', '$2a$12$4TRoJW15GplwXxngzVWYI.Runn1oa3vHlqUi6kCQlMbBC9iz/weq.', 8, 'actor', 'bradpitt@gmail.com', './img/fotosPerfil/brad.png');

--
-- Volcado de datos para la tabla `generos`
--

INSERT INTO `generos` (`id`, `genero`) VALUES
(1, 'Drama'),
(2, 'Comedia'),
(3, 'Acción'),
(4, 'Musical'),
(5, 'Misterio'),
(6, 'Ciencia Ficción'),
(7, 'Terror'),
(8, 'Historia'),
(9, 'Crimen');

--
-- Volcado de datos para la tabla `peliculas`
--

INSERT INTO `peliculas` (`titulo`, `director`, `id`, `annio`, `genero`, `sinopsis`, `portada`, `reparto`, `Val_IMDb`) VALUES
('La La Land', 'Damien Chazelle', 1, '2016', 4, 'Mia (Emma Stone), una joven aspirante a actriz que trabaja como camarera mientras acude a castings, y Sebastian (Ryan Gosling), un pianista de jazz que se gana la vida tocando en sórdidos tugurios, se enamoran, pero su gran ambición por llegar a la cima en sus carreras artísticas amenaza con separarlos.', './img/portadas/la_la_land.jpg', '[\r\n    {\"nombre\": \"Ryan Gosling\", \"personaje\": \"Sebastian\"},\r\n    {\"nombre\": \"Emma Stone\", \"personaje\": \"Mia\"},\r\n    {\"nombre\": \"John Legend\", \"personaje\": \"Keith\"}\r\n]', 8.0),
('La Playa de los Ahogados', 'Gerardo Herrero', 2, '2015', 1, 'Una mañana, el cadáver de un marinero es arrastrado por la marea hasta la costa. Si no tuviese las manos atadas a la espalda, Justo Castelo sería otro de los hijos del mar que encontró la muerte entre las aguas mientras faenaba. Sin testigos ni pistas de la embarcación del fallecido, el lacónico inspector Leo Caldas se sumergirá en el ambiente marinero de la villa, tratando de solucionar el crimen.', './img/portadas/la_playa_de_los_ahogados.jpg', '[\r\n    {\"nombre\": \"Carmelo Gómez\", \"personaje\": \"Leo Caldas\"},\r\n    {\"nombre\": \"Antonio Garrido\", \"personaje\": \"Rafael Estévez\"},\r\n    {\"nombre\": \"Tamar Novas\", \"personaje\": \"Diego Neira\"},\r\n    {\"nombre\": \"Celso Bugallo\", \"personaje\": \"padre de Caldas\"},\r\n    {\"nombre\": \"Celia Freijeiro\", \"personaje\": \"Ana\"},\r\n    {\"nombre\": \"Marta Larralde\", \"personaje\": \"Alicia Castelo\"},\r\n    {\"nombre\": \"Luis Zahera\", \"personaje\": \"José Arias\"}\r\n]', 6.1),
('La ciudad no es para mí', 'Pedro Lazaga', 3, '1966', 2, 'Agustín Valverde, viudo y hacendado sesentón aragonés, marcha a Madrid, donde se instala en casa de su hijo, un prestigioso médico casado con una modesta costurera. A la mujer todo el mundo la llama Luchy, desde que consiguiera su brillante posición social casándose con el Dr. Valverde. Pero al llegar a Madrid Agustín descubre que en la capital hay muchos más problemas que en su pueblo. Luchy se siente atraída por el ayudante del doctor. Sara, la nieta de Agustín, vive una vida frívola y desordenada con una pandilla de amigos estúpidos. Y hasta Filo, la empleada del hogar, tiene su correspondiente complicación.', './img/portadas/la_ciudad_no_es_para_mi.jpg', '[\r\n    {\"nombre\": \"Paco Martínez Soria\", \"personaje\": \"Agustín Valverde\"},\r\n    {\"nombre\": \"Doris Coll\", \"personaje\": \"Luciana (Luchy)\"},\r\n    {\"nombre\": \"Gracita Morales\",\"personaje\": \"Filo\"},\r\n    {\"nombre\": \"Alfredo Landa\", \"personaje\": \"Genaro\"}\r\n]', 6.0),
('Unico Testigo', 'Peter Weir', 4, '1985', 1, 'En su primer viaje a Philadelphia, el pequeño Samuel Lap (Lukas Haas), un niño de una comunidad amish, presencia por casualidad el brutal asesinato de un hombre. John Book (Harrison Ford) es el policía encargado de proteger al chico y a su madre Rachel de quienes quieren eliminar a Samuel, único testigo del homicidio.', './img/portadas/witness.jpg', '[\r\n    {\"nombre\": \"Harrison Ford\", \"personaje\": \"John Book\"}, \r\n    {\"nombre\": \"Kelly McGillis\", \"personaje\": \"Rachel Lapp\"}, \r\n    {\"nombre\": \"Lukas Haas\", \"personaje\": \"Samuel Lapp\"}\r\n]', 7.4),
('The Fast and the Furious', 'Rob Cohen', 5, '2001', 3, 'Una misteriosa banda de delincuentes se dedica a robar camiones en marcha desde vehículos deportivos. La policía decide infiltrar un hombre en el mundo de las carreras ilegales para descubrir posibles sospechosos. El joven y apuesto Brian entra en el mundo del tunning donde conoce a Dominic, rey indiscutible de este mundo y sospechoso número uno, pero todo se complicará cuando se enamore de su hermana.', './img/portadas/the_fast_and_the_furious.jpg', '[\r\n    {\"nombre\": \"Vin Diesel\", \"personaje\": \"Dominic Toretto\"}, \r\n    {\"nombre\": \"Paul Walker\", \"personaje\": \"Brian O Conner\"}, \r\n    {\"nombre\": \"Michelle Rodriguez\", \"personaje\": \"Letty Ortiz\"},\r\n    {\"nombre\": \"Jordana Brewster\", \"personaje\": \"Mia Toretto\"}\r\n]', 6.8),
('Ocho Apellidos Vascos', 'Emilio Martínez-Lázaro', 6, '2014', 2, 'Rafa (Dani Rovira) es un joven señorito andaluz que no ha tenido que salir jamás de su Sevilla natal para conseguir lo único que le importa en la vida: el fino, la gomina, el Betis y las mujeres. Todo cambia cuando conoce una mujer que se resiste a sus encantos: es Amaia (Clara Lago), una chica vasca. Decidido a conquistarla, se traslada a un pueblo de las Vascongadas, donde se hace pasar por vasco para vencer su resistencia. Adopta el nombre de Antxon y varios apellidos vascos: Arguiñano, Igartiburu, Erentxun, Gabilondo, Urdangarín, Otegi, Zubizarreta... y Clemente.', './img/portadas/ocho_apellidos_vascos.jpg', '[\r\n    {\"nombre\": \"Dani Rovira\", \"personaje\": \"Rafa\"},\r\n    {\"nombre\": \"Clara Lago\", \"personaje\": \"Amaia\"},\r\n    {\"nombre\": \"Carmen Machi\", \"personaje\": \"Merche\"},\r\n    {\"nombre\": \"Karra Elejalde\", \"personaje\": \"Koldo\"},\r\n    {\"nombre\": \"Alberto López\", \"personaje\": \"Joquin\"},\r\n    {\"nombre\": \"Alfonso Sánchez\", \"personaje\": \"Curro\"}\r\n]', 6.5),
('Estoy hecho un Chaval', 'Pedro Lazaga', 7, '1976', 2, 'Juan Esteban, un contable de sesenta y cinco años, recibe con alegría la noticia de que va a ser padre de nuevo. Pero, cuando se dispone a pedir un aumento de sueldo en la oficina donde trabaja desde hace cuarenta años, le comunican que van a jubilarlo. Pero él, que se siente todavía joven, no se resigna y, lleno de optimismo, decide buscar otro trabajo.', './img/portadas/estoy_hecho_un_chaval.jpg', '[\r\n    {\"nombre\": \"Paco Martínez Soria\", \"personaje\": \"Juan Esteban\"},\r\n    {\"nombre\": \"Rafaela Aparicio\", \"personaje\": \"Abuela\"},\r\n    {\"nombre\": \"Antonio Ozores\", \"personaje\": \"Sr. Villancio\"}\r\n]', 5.0),
('Forrest Gump', 'Robert Zemeckis', 8, '1994', 1, 'Forrest Gump (Tom Hanks) sufre desde pequeño un cierto retraso mental. A pesar de todo, gracias a su tenacidad y a su buen corazón será protagonista de acontecimientos cruciales de su país durante varias décadas. Mientras pasan por su vida multitud de cosas en su mente siempre está presente la bella Jenny (Robin Wright), su gran amor desde la infancia, que junto a su madre será la persona más importante en su vida.', './img/portadas/forrest_gump.jpg', '[\r\n    {\"nombre\": \"Tom Hanks\", \"personaje\": \"Forrest Gump\"},\r\n    {\"nombre\": \"Robin Wright\", \"personaje\": \"Jenny Curran\"},\r\n    {\"nombre\": \"Gary Sinise\", \"personaje\": \"Teniente Dan Taylor\"},\r\n    {\"nombre\": \"Sally Field\", \"personaje\": \"Sra. Gump\"},\r\n    {\"nombre\": \"Haley Joel Osment\", \"personaje\": \"Forrest Gump Jr.\"},\r\n    {\"nombre\": \"Mykelti Williamson\", \"personaje\": \"Bubba Blue\"}\r\n]', 8.8),
('La Roca', 'Michael Bay', 9, '1996', 3, 'Francis Hummel pretende que se indemnice a las familias de los soldados muertos en misiones secretas. Tras robar 16 misiles equipados con gas venenoso, toma Alcatraz y amenaza con lanzarlos sobre San Francisco. Para resolver la situación, el F.B.I. envía a la isla a un especialista en armamento biológico y al único fugado de la famosa prisión.', './img/portadas/the_rock.jpg', '[\r\n    {\"nombre\": \"Sean Connery\", \"personaje\": \"John Patrick Mason\"},\r\n    {\"nombre\": \"Nicolas Cage\", \"personaje\": \"Stanley Goodspeed\"},\r\n    {\"nombre\": \"Ed Harris\", \"personaje\": \"General Francis X. Hummel\"},\r\n    {\"nombre\": \"Michael Biehn\", \"personaje\": \"Comandante Anderson\"},\r\n    {\"nombre\": \"William Forsythe\", \"personaje\": \"Sargento Frye\"},\r\n    {\"nombre\": \"David Morse\", \"personaje\": \"Mayor Tom Baxter\"}\r\n]', 7.4),
('La Ventana Indiscreta', 'Alfred Hitchcock', 10, '1954', 5, 'Un reportero fotográfico (Stewart) se ve obligado a permanecer en reposo con una pierna escayolada. A pesar de la compañía de su novia (Kelly) y de su enfermera (Ritter), procura escapar al tedio observando desde la ventana de su apartamento con unos prismáticos lo que ocurre en las viviendas de enfrente. Debido a una serie de extrañas circunstancias empieza a sospechar de un vecino cuya mujer ha desaparecido.', './img/portadas/rear_window.jpg', '[\r\n    {\"nombre\": \"James Stewart\", \"personaje\": \"L.B. Jefferies\"},\r\n    {\"nombre\": \"Grace Kelly\", \"personaje\": \"Lisa Carol Fremont\"},\r\n    {\"nombre\": \"Wendell Corey\", \"personaje\": \"Detective Thomas J. Doyle\"},\r\n    {\"nombre\": \"Thelma Ritter\", \"personaje\": \"Stella\"},\r\n    {\"nombre\": \"Raymond Burr\", \"personaje\": \"Lars Thorwald\"},\r\n    {\"nombre\": \"Judith Evelyn\", \"personaje\": \"Srta. Lonelyhearts\"}\r\n]', 8.5),
('Pobres Criaturas', 'Yorgos Lanthimos', 11, '2023', 1, 'Del cineasta Yorgos Lanthimos y la productora Emma Stone llega la increíble historia y la fantástica evolución de Bella Baxter (Stone), una joven a la que el brillante y poco ortodoxo científico Dr. Godwin Baxter (Willem Dafoe) devuelve la vida. Bajo la protección de Baxter, Bella está ansiosa por aprender. Hambrienta de la mundanalidad que le falta, Bella se escapa con Duncan Wedderburn (Mark Ruffalo), un abogado astuto y libertino, en una aventura vertiginosa a través de los continentes. Libre de los prejuicios de su época, Bella se mantiene firme en su propósito de defender la igualdad y la liberación.', './img/portadas/Pobres_criaturas.jpg', '[\r\n  {\"nombre\": \"Emma Stone\", \"personaje\": \"Bella Baxter\"},\r\n   {\"nombre\": \"Willem Dafoe\", \"personaje\": \"Godwin Baxter\"},\r\n   {\"nombre\": \"Mark Ruffalo\", \"personaje\": \"Duncan Wedderburn\"},\r\n  {\"nombre\": \"Ramy Youssef\", \"personaje\": \"Max McCandles\"} \r\n ]', 7.9),
('Oppenheimer', 'Cristopher Nolan', 12, '2023', 8, 'Durante la Segunda Guerra Mundial, el teniente general Leslie Groves designa al físico J. Robert Oppenheimer para un grupo de trabajo que está desarrollando el Proyecto Manhattan, cuyo objetivo consiste en fabricar la primera bomba atómica.', './img/portadas/Oppenheimer.jpg', '[\r\n    {\"nombre\": \"Cillian Murphy\", \"personaje\": \"J. Robert Oppenheimer\"},\r\n    {\"nombre\": \"Matt Damon\", \"personaje\": \"Leslie Groves\"},\r\n    {\"nombre\": \"Robert Downey Jr.\", \"personaje\": \"Lewis Strauss\"},\r\n   {\"nombre\": \"Emily Blunt\", \"personaje\": \"Kitty Oppenheimer\"} \r\n ]', 8.3),
('Godzilla y Kong: El nuevo imperio', 'Adam Wingard', 13, '2024', 6, 'La nueva entrega del Monsterverse enfrenta al poderoso Kong y al temible Godzilla contra una colosal amenaza mortal escondida dentro de nuestro mundo que amenaza la existencia de su especie y la nuestra, además de sumergirse profundamente en los misterios de Isla Calavera y más allá. Profundizando directamente en los orígenes de la Tierra Hueca, esta película explorará la antigua batalla contra los titanes que unió al hombre y al monstruo para siempre.', './img/portadas/Godzilla_y_Kong.jpg', '[\r\n    {\"nombre\": \"Rebecca Hall\", \"personaje\": \"Ilene Andrews\"},\r\n   {\"nombre\": \"Dan Stevens\", \"personaje\": \" Trapper\"},\r\n      {\"nombre\": \"Brian Tyree Henry\", \"personaje\": \" Bernie Hayes\"},\r\n     {\"nombre\": \"Kaylee Hottle\", \"personaje\": \" Jia\"},\r\n     {\"nombre\": \"Alex Ferns\", \"personaje\": \" Mikael\"},\r\n     {\"nombre\": \"Fala Chen\", \"personaje\": \" Iwi Queen\"},\r\n ]', 6.6),
('Midsommar', 'Ari Aster', 14, '2019', 7, 'Una pareja de estadounidenses acude con unos amigos a Midsommar, un festival de verano que se celebra cada 90 años en una aldea remota de Suecia. Sin embargo, lo que parecía ser unas vacaciones de ensueño se tuerce un poco cuando los aldeanos les invitan a participar en sus perturbadoras actividades festivas.', './img/portadas/Midsommar.jpg', '[\r\n    {\"nombre\": \"Florence Pugh\", \"personaje\": \"Dani \"},\r\n    {\"nombre\": \"Jack Reynor \", \"personaje\": \"Christian\"},\r\n    {\"nombre\": \"Vilhelm Blomgren\", \"personaje\": \"Pelle\"},\r\n   {\"nombre\": \"William Jackson Harper\", \"personaje\": \" Josh\"}, \r\n {\"nombre\": \"Ellora Torchina  \", \"personaje\": \" Connie\"}, \r\n   {\"nombre\": \"Archie Madekwe\", \"personaje\": \" Josh\"} \r\n Simon]', 7.1),
('El Padrino', 'Francis Ford Coppola', 15, '1972', 9, 'Don Vito Corleone es el respetado y temido jefe de una de las cinco familias de la mafia de Nueva York en los años 40. El hombre tiene cuatro hijos: Connie, Sonny, Fredo y Michael, que no quiere saber nada de los negocios sucios de su padre. Cuando otro capo, Sollozzo, intenta asesinar a Corleone, empieza una cruenta lucha entre los distintos clanes.', './img/portadas/padrino.jpg', '[\r\n    {\"nombre\": \"Marlon Brando\", \"personaje\": \"Don Vito Corleone \"},\r\n   {\"nombre\": \"Al Pacino\", \"personaje\": \"Michael Corleone \"},\r\n      {\"nombre\": \"James Caan\", \"personaje\": \"Sonny Corleone \"},\r\n     {\"nombre\": \"Diane Keaton\", \"personaje\": \"Kay Adams \"},\r\n    {\"nombre\": \"Richard S. Castellano\", \"personaje\": \"Clemenza \"},\r\n    {\"nombre\": \"Robert Duvall\", \"personaje\": \"Tom Hagen \"},\r\n    {\"nombre\": \"Al Lettieri\", \"personaje\": \"Sollozo \"},\r\n    {\"nombre\": \"Talia Shire\", \"personaje\": \"Connie Corleone Rizzi \"} \r\n]', 9.2),
('El Caballero Oscuro', 'Crhistopher Nolan', 16, '2008', 3, 'Con la ayuda del teniente Jim Gordon y del Fiscal del Distrito Harvey Dent, Batman mantiene a raya el crimen organizado en Gotham. Todo cambia cuando aparece el Joker, un nuevo criminal que desencadena el caos y tiene aterrados a los ciudadanos.', './img/portadas/batman.jpg', '[\r\n    {\"nombre\": \"Christian Bale\", \"personaje\": \"Bruce Wayne\"},\r\n   {\"nombre\": \"Heath Ledger\", \"personaje\": \"Joker\"},\r\n      {\"nombre\": \"Aaron Eckhart\", \"personaje\": \"Harvey Dent\"},\r\n     {\"nombre\": \"Michael Caine\", \"personaje\": \"Alfred\"},\r\n    {\"nombre\": \"Maggie Gyllenhaal\", \"personaje\": \"Rachel \"},\r\n    {\"nombre\": \"Gary Oldman\", \"personaje\": \"Gordon\"},\r\n    {\"nombre\": \"Morgan Freeman\", \"personaje\": \"Lucius Fox \"},\r\n    {\"nombre\": \"Cillian Murphy\", \"personaje\": \"Scarecrow\"} \r\n]', 9.0),
('Pulp Fiction', 'Quentin Tarantino', 17, '1994', 9, 'Historias de dos matones, un boxeador y una pareja de atracadores de poca monta envueltos en una violencia espectacular e irónica.', './img/portadas/pulpo.jpg', '[\r\n    {\"nombre\": \"John Travolta\", \"personaje\": \"Vincent Vega\"},\r\n   {\"nombre\": \"Uma Thurman\", \"personaje\": \"Mia Wallace\"},\r\n      {\"nombre\": \"Samuel L. Jackson\", \"personaje\": \"Jules Winnfield\"},\r\n     {\"nombre\": \"Bruce Willis\", \"personaje\": \"Butch Coolidge\"},\r\n    {\"nombre\": \"Tim Roth\", \"personaje\": \"Pumpkin \"},\r\n    {\"nombre\": \"Ving Rhames\", \"personaje\": \"Marsellus Wallace\"}\r\n]', 8.9),
('Dune: Primera Parte', 'Denis Villeneuve', 18, '2021', 6, 'Arrakis, también denominado "Dune", se ha convertido en el planeta más importante del universo. A su alrededor comienza una gigantesca lucha por el poder que culmina en una guerra interestelar.', './img/portadas/dune1.jpg', '[\r\n    {\"nombre\": \"Timothée Chalamet\", \"personaje\": \"Paul Atreides\"},\r\n   {\"nombre\": \"Zendaya\", \"personaje\": \"Chani\"},\r\n      {\"nombre\": \"Rebecca Ferguson\", \"personaje\": \"Lady Jessica Atreides\"},\r\n     {\"nombre\": \"Stellan Skarsgard\", \"personaje\": \"Baron Vladimir Harkonnen\"},\r\n    {\"nombre\": \"Oscar Isaac\", \"personaje\": \"Duke Leto Atreides \"},\r\n    {\"nombre\": \"Jason Momoa\", \"personaje\": \"Duncan Idaho\"}\r\n]',8.0),
('Dune: Segunda Parte', 'Denis Villeneuve', 19, '2024', 6, 'Tras los sucesos de la primera parte acontecidos en el planeta Arrakis, el joven Paul Atreides se une a la tribu de los Fremen y comienza un viaje espiritual y marcial para convertirse en mesías, mientras intenta evitar el horrible pero inevitable futuro que ha presenciado: una Guerra Santa en su nombre, que se extiende por todo el universo conocido... Secuela de "Dune" (2021).', './img/portadas/dune2.jpg','[\r\n    {\"nombre\": \"Timothée Chalamet\", \"personaje\": \"Paul Atreides\"},\r\n   {\"nombre\": \"Zendaya\", \"personaje\": \"Chani\"},\r\n      {\"nombre\": \"Rebecca Ferguson\", \"personaje\": \"Lady Jessica Atreides\"},\r\n     {\"nombre\": \"Stellan Skarsgard\", \"personaje\": \"Baron Vladimir Harkonnen\"},\r\n   {\"nombre\": \"Javier Bardem\", \"personaje\": \"Stilgar \"},\r\n    {\"nombre\": \"Dave Bautista\", \"personaje\": \"Beast Rabban\"},\r\n {\"nombre\": \"Austin Butler\", \"personaje\": \"Feyd-Rautha\"}, \r\n {\"nombre\": \"Josh Brolin\", \"personaje\": \"Gurney Halleck\"}\r\n ]' , 8.8),
('Django Desencadenado', 'Quentin tarantino', 20, '2012', 1, 'Un antiguo esclavo une sus fuerzas con un cazador de recompensas alemán que lo libera y ayuda a cazar a los criminales más buscados del Sur, todo ello con la esperanza de encontrar a su esposa perdida hace mucho tiempo.', './img/portadas/django.jpg', '[\r\n    {\"nombre\": \"Jamie Foxx\", \"personaje\": \"Django\"},\r\n   {\"nombre\": \"Christoph Waltz\", \"personaje\": \"Dr. King Schultz\"},\r\n      {\"nombre\": \"Leonardo Di Caprio\", \"personaje\": \"Calvin Candie\"},\r\n     {\"nombre\": \"Kerry Washington\", \"personaje\": \"Broomhilda von Shaft\"},\r\n    {\"nombre\": \"Samuel L. Jackson\", \"personaje\": \"Stephen \"},\r\n    {\"nombre\": \"Walton Goggins\", \"personaje\": \"Billy Cash\"} \r\n]', 8.5);
-- --------------------------------------------------------


--
--  Volcado de datos para la tabla noticias
--


INSERT INTO `noticias` (`titulo`, `post_id`, `portada`, `texto`, `autor`, `fecha`) VALUES 
('Noir on Noir: Mark Protosevich habla de los clásicos del detective privado incluidos en su nueva serie protagonizada por Colin Farrell', 0, './img/noticias/Sugar.png', 'En términos generales, aquí en 7thArt no cubrimos la televisión (bueno, todavía no...), pero si alguna vez hubo una serie que exigió nuestra atención, es el nuevo drama privado de Mark Protosevich, Sugar, que rezuma positivamente un profundo amor por todo lo relacionado con el cine.
Está protagonizada por Colin Farrell como John Sugar, un detective privado de alto nivel con un pasado misterioso que, en contra de los deseos de su manejadora Ruby (interpretada por Kirby, ahora un monónimo después de haber sido acreditado anteriormente como Kirby Howell-Baptiste), acepta asumir el trabajo de un poderoso magnate de Hollywood (James Cromwell, que evoca a Sterling Hayden en The Long Goodbye y a John Huston tanto en Chinatown como en la vida real), cuya querida nieta está desaparecida. Además de tener lugar en Los Ángeles y de tratarse de una familia que incluye tres generaciones de talentos (ficticios) de Hollywood, Sugar realmente vende su celuloide de buena fe al hacer que su personaje principal sea un total obsesivo con las películas. Está en una historia de cine negro y siempre habla de cine negro. Aunque es muy hábil para lidiar con el desorden de la criminalidad contemporánea, Sugar parece seguir todas las señales de las películas antiguas. En el primer episodio, acuesta a un personaje borracho en la cama frente a un televisor que muestra el clásico de Kirk Douglas y Barbara Stanwyck, El extraño amor de Martha Ivers, y susurra en voz baja: "Oh, te espera un regalo". En el segundo episodio, va a ver el clásico de 1971 de John Cassavetes, Minnie y Moskowitz, en un teatro. Lo único que falta es que registre la película en su cuenta 7thArt. Más allá del excesivo contenido cinematográfico del universo de Sugar, cada episodio también está plagado de clips de películas clásicas para ayudar a ilustrar la mentalidad y las dificultades de Sugar. Momentos de Kiss Me Deadly, Gilda, Johnny Guitar y The Big Heat aparecen solo en el episodio uno. Sugar incluso lleva el arma de Glenn Ford de ese último título; no una réplica, sino el arma real que Glenn Ford usó mientras filmaba The Big Heat.
Entonces, sí, el programa a menudo parece que fue hecho solo para miembros de 7thArt. Especialmente en la seriedad con la que presenta el enigmático amor de Sugar por el cine. Atormentado por traumas pasados, da la sensación de que, en algún nivel, las películas lo salvaron. ¿No lo éramos todos?
Protosevich admite que este aspecto del carácter de Sugar proviene en gran medida de un ámbito personal. “Yo diría que sí”, se ríe. “Sugar, el personaje, logra expresar mucho de lo que yo siento [acerca de las películas]. Es decepcionante para mí que haya tanta gente joven e incluso gente que quiere dedicarse a hacer películas, que no conocen la historia del medio, que no comprenden qué grandes películas surgieron desde la era del cine mudo. los años 30, 40, 50 y 60. Siempre me entristece que no haya tanta sed de conocimiento del cine en su totalidad, o incluso del cine internacional”. \r\n
Has venido al lugar correcto, Marcos. Durante muchos años, Protosevich fue mejor conocido en Hollywood por su reconocida adaptación cinematográfica de Soy leyenda, de Richard Matheson, un proyecto que finalmente se transformó en la (significativamente diferente) película de Will Smith, en la que Protosevich tiene crédito, y por escribir la El thriller de ciencia ficción sobre asesinos en serie del año 2000 de alto concepto, The Cell. También tiene créditos en el primer Thor y escribió la nueva versión de Oldboy de Spike Lee. Pero podría decirse que hay más de él en Sugar que en cualquier cosa que haya escrito antes.', 'Zakarias Marlboro', '01/02/2024'),

('Primer avance de "Joker: Folie à deux"', 1,'./img/noticias/Joker.png','Warner Bros. presenta un primer y breve avance de "Joker: Folie à deux", la esperada secuela de "Joker" que Warner Bros. estrenará en los cines de Estados Unidos y España el próximo 4 de octubre. Dicho avance es un preámbulo de un primer tráiler que veremos completo esta misma madrugada, a eso de las 03:30 hora española.
Como no podía ser de otra manera, Joaquin Phoenix vuelve a encabezar un reparto del que también forman parte Zazie Beetz, Brendan Gleeson, Catherine Keener, Jacob Lofland, Harry Lawtey... y por supuesto Lady Gaga, quien recordemos da vida a Harley Quinn, en una versión alternativa del personaje al que dió vida Margot Robbie en "Escuadrón suicida", "Aves de presa (y la fantabulosa emancipación de Harley Quinn)" y "El escuadrón suicida". 
Dejando de lado que su título oficial hace referencia a un raro síndrome psiquiátrico, se desconoce por ahora detalles concretos en torno a su argumento, así como que personajes serán de la partida además de los de Arthur Fleck y Harley Quinn. Todo apunta eso sí a que ha sido concebida como una especie de musical, o que al menos, contará con un importante componente musical. 
"Joker: Folie à deux" está de nuevo dirigida por Todd Phillips, también co-guionista junto a Scott Silver, y será uno de los primeros proyectos de DC que nos llegue bajo la denominación DC Elseworlds, referida a cualquier película o serie que se desarrolle al margen del nuevo Universo DC que durante los próximos años pretenden desarrollar James Gunn y Peter Safran a través de DC Studios.', 'Jorge Salvaje', '27/03/2024'),

('El mundo entero estará mirando. Tráiler de "Fly Me to the Moon"', 2, './img/noticias/FlyMe.png', 'Lo promedito es deuda: Apple TV+ presenta el tráiler oficial de "Fly Me to the Moon", película anteriormente conocida como "Project Artemis" que llegará a las salas de cine de todo el mundo conocido el próximo 12 de julio de la mano de Sony Pictures. 
Protagonizada por Scarlett Johansson, Channing Tatum, Ray Romano, Jim Rash y Woody Harrelson, se trata de una comedia dramática ambientada durante el histórico alunizaje del Apolo 11 de la NASA que ha dirigido Greg Berlanti y escrito Rose Gilroy, hija del cineasta Dan Gilroy y la actriz René Russo. 
Llamados para mejorar la imagen pública de la NASA, las chispas vuelan en todas las direcciones cuando la prodigio del marketing Kelly Jones causa estragos en la ya difícil tarea del director de lanzamiento Cole Davis.
Cuando la Casa Blanca considera que la misión es demasiado importante para fracasar, Jones recibe la orden de simular un alunizaje falso como respaldo y comienza la verdadera cuenta atrás...
Este es el segundo "Apple Original Film" que será distribuido por Sony Pictures en salas de todo el mundo después de haber hecho lo propio con el exitoso "Napoleón" de Ridley Scott, mientras que, recordemos, el tercero será "Wolfs", thriller escrito y dirigido Jon Watts que protagonizan Brad Pitt y George Clooney a estrenar el próximo mes de septiembre.
Los otros dos "Apple Original Film" -por ahora- estrenados en cine, "Los asesinos de la luna" y "Argylle", fueron distribuidos por Paramount Pictures y Universal Pictures, respectivamente.', 'Eduardo Camapinga', '04/04/2024'),

('La tercera entrega de "Puñales por la espalda" comenzará a rodarse a finales de año', 3, './img/noticias/daniel.jpg', 'Desde World of Reel avanzan que la tercera entrega de "Puñales por la espalda" (2019) comenzará a filmarse el próximo mes de noviembre. Por el momento apenas conocemos detalles respecto a la nueva trama y sus personajes, pues tan solo sabemos que Rian Johnson volverá a ser el guionista y director y Daniel Craig retomará su papel del detective privado Benoit Blanc.
Actualmente Johnson trabaja en el guion de la tercera entrega de esta franquicia de misterio y asesinatos. Según declaraciones del cineasta: "Está avanzando. Estoy buceando con toda mi fuerza, y así va avanzando. Tengo la premisa, tengo el escenario, tengo la película en mi cabeza. Es sólo cuestión de escribir la maldita cosa". 
"Puñales por la espalda: El misterio de Glass Onion", secuela del film estrenada en 2022, le sirvió a Johnson para conseguir una nominación al Oscar al Mejor Guión Adaptado. Respecto a la primera entrega (también nominada al Mejor Guion), esta sí tuvo un estreno mundial masivo obteniendo una recaudación de 312 millones de dólares para un presupuesto de 40 millones. Tras su éxito, Netflix se hizo con los derechos de una segunda y tercera entrega de la franquicia por la friolera de 469 millones de dólares.', 'Paul Cigarro', '04/04/2024'),

('Según James Cameron "Fantastic Voyage" se hará muy pronto', 4, './img/noticias/jamescameron.jpg', 'Durante su aparición en la Cinemateca Francesa de París, el legendario cineasta James Cameron dio algunos detalles sobre la nueva versión de la película de ciencia ficción de 1966, "Fantastic Voyage". Cameron viene expresando su interés en producir un remake de "Viaje alucinante" desde finales de los 90, si bien ha centrado su atención en otras grandes producciones como "Avatar". 
La última noticia que tuvimos de este proyecto fue en 2016, cuando se anunció que Guillermo del Toro asumiría su dirección. Ahora, ocho años después, Cameron ha vuelto a asegurar que sigue planeando producir una nueva versión de la famosa película de Richard Fleischer.  
"Lo hemos estado desarrollando durante varios años y planeamos concretarlo muy pronto. Raquel Welch no está disponible, pero creemos que podemos hacer una película bastante buena", dijo Cameron respecto a este proyecto que será producido por su Lightstorm Entertainment y que contará con un guion de David S. Goyer.  
Respecto a la historia, el Centro de Miniaturización americano recibe a un eminente científico que sabe como prolongar el estado de empequeñecimiento a más del establecido. Un atentado que quiere acabar con su vida lo deja malherido, con un coágulo en su cerebro. Un grupo de expertos son entonces miniaturizados e introducidos en un submarino con el fin de internarse en el cuerpo del científico y conseguir disolver el grumo.', 'Nil Ojeda', '29/03/2024'),

('Ahora es una cruel máquina de matar. Teaser tráiler de "Bambi: The Reckoning"', 5, './img/noticias/bambi.jpg', 'Vamos con el primer avance de "Bambi: The Reckoning", nueva cinta de terror adaptada a partir de un clásico infantil que formará parte del llamado Poohniverse. En el vídeo vemos a unos cazadores y una aparición final del ciervo chocando contra un automóvil, antes de dejar escapar un rugido. 
Dirigida por Dan Allen a partir de un guion de Felix Salten y Rhys Warrington, la película está protagonizada por Roxanne McKee, Nicola Wright, Samira Mighty, Russell Geoffrey Banks, Alex Cooke, Tom Mulheron, Ewan Borthwick y Catherine Adams. 
"Bambi: The Reckoning" formará parte del "Twisted Childhood Universe", una serie de proyectos que provienen de Jagged Edge Productions e ITN Studios y que contará con otras películas previamente anunciadas como "Peter Pans Neverland Nightmare" y "Pinocchio Unstrung". 
Este nuevo Universo culminará en 2025 con una película titulada "Poohniverse: Monsters Assembled", en la que veremos a todos los monstruos unirse. Volviendo a Bambi, la película llegará a nuestros cines el 5 de diciembre de 2024 a manos de Flins & Pinículas.', 'Lucas Pérez', '12/02/2024');

--INSERT INTO 'favoritos' ('user_id', 'pelicula_id', 'id') VALUES
--(9, 3, 1);